trip_id,person_id,household_id,age,sex,employment,purpose,mode,distance_km,duration_min,day_of_week,num_persons,household_income,car_ownership
1,199,33,34,M,Student,Business,Car,3.29,4.1,Sat,4,100000,None
2,91,50,34,M,Employed,Recreation,Car,5.18,14.9,Wed,2,30000,None
3,13,13,36,M,Unemployed,Shopping,Bus,6.98,24.3,Fri,3,20000,Shared
4,43,16,64,M,Student,Shopping,Car,8.04,18.8,Sun,1,50000,Shared
5,143,42,13,F,Unemployed,Personal,Car,6.38,7.8,Wed,3,80000,Shared
6,71,40,50,F,Student,Other,Rail,14.54,39.9,Sun,3,30000,Shared
7,111,33,37,M,Unemployed,Education,Car,6.05,7.5,Fri,4,100000,None
8,100,29,73,M,Employed,Recreation,Car,10.36,14.7,Fri,4,50000,None
9,161,36,23,F,Employed,Shopping,Car,4.45,10.5,Mon,1,20000,Two+
10,131,19,13,M,Retired,Recreation,Bus,3.49,4.4,Tue,4,80000,None
11,136,39,57,F,Student,Shopping,Taxi,11.67,31.5,Sun,1,50000,None
12,187,13,8,F,Employed,Personal,Bus,9.11,14.5,Thu,3,20000,Shared
13,2,9,76,F,Student,Other,Car,15.46,82.6,Wed,3,60000,Two+
14,58,38,55,F,Retired,Recreation,Rail,14.54,24.0,Wed,1,30000,Shared
15,78,13,64,F,Unemployed,Shopping,Walking,11.4,41.5,Sat,3,20000,Shared
16,157,38,10,F,Retired,Personal,Rail,8.46,12.0,Fri,1,30000,Shared
17,200,17,9,M,Retired,Personal,Car,8.17,21.2,Thu,4,20000,None
18,140,12,13,F,Student,Other,Walking,30.65,69.1,Sat,3,60000,Two+
19,41,25,54,M,Unemployed,Commuting,Car,6.37,33.0,Tue,4,30000,None
20,160,21,79,F,Employed,Shopping,Car,11.93,45.1,Sat,2,30000,Two+
21,68,21,36,M,Employed,Shopping,Car,20.82,52.0,Mon,2,30000,Two+
22,135,21,57,M,Retired,Shopping,Car,24.3,31.7,Tue,2,30000,Two+
23,1,5,45,F,Unemployed,Shopping,Car,15.23,58.4,Thu,3,100000,Shared
24,53,33,72,M,Student,Shopping,Cycling,10.73,15.0,Fri,4,100000,None
25,166,16,76,F,Retired,Other,Car,11.48,14.5,Mon,1,50000,Shared
26,40,39,5,M,Retired,Recreation,Rail,5.11,10.5,Sun,1,50000,None
27,72,32,51,F,Unemployed,Commuting,Rail,2.82,4.2,Mon,1,60000,Two+
28,52,16,65,M,Retired,Recreation,Rail,16.85,32.2,Mon,1,50000,Shared
29,102,12,20,F,Student,Shopping,Taxi,6.62,10.0,Fri,3,60000,Two+
30,39,41,37,F,Retired,Shopping,Car,5.76,13.1,Tue,3,80000,Shared
31,193,17,51,M,Unemployed,Other,Car,8.26,22.1,Fri,4,20000,None
32,75,9,47,F,Retired,Shopping,Walking,17.59,23.6,Sat,3,60000,Two+
33,91,50,34,M,Employed,Education,Car,14.91,20.0,Fri,2,30000,None
34,101,30,66,F,Employed,Business,Bus,3.2,12.8,Sat,4,100000,None
35,156,49,29,F,Employed,Other,Taxi,13.1,35.8,Sat,2,30000,Two+
36,91,50,34,M,Employed,Recreation,Cycling,5.97,7.6,Tue,2,30000,None
37,114,44,33,M,Retired,Personal,Car,9.13,25.6,Sun,4,30000,Two+
38,200,17,9,M,Retired,Education,Car,5.9,25.9,Mon,4,20000,None
39,88,44,9,M,Retired,Recreation,Car,5.77,12.5,Wed,4,30000,Two+
40,183,38,7,M,Unemployed,Other,Car,7.56,10.0,Sun,1,30000,Shared
41,116,50,39,M,Employed,Recreation,Bus,7.04,13.8,Mon,2,30000,None
42,161,36,23,F,Employed,Recreation,Bus,3.17,8.8,Tue,1,20000,Two+
43,184,37,57,M,Student,Commuting,Car,8.66,14.1,Sat,4,50000,None
44,97,39,68,M,Employed,Shopping,Walking,6.93,32.5,Mon,1,50000,None
45,84,22,62,F,Student,Commuting,Taxi,16.29,89.4,Tue,1,20000,None
46,121,36,25,M,Employed,Education,Car,14.58,49.4,Tue,1,20000,Two+
47,141,44,21,M,Student,Commuting,Car,11.27,15.6,Mon,4,30000,Two+
48,159,47,25,F,Student,Shopping,Car,4.67,8.4,Sun,4,60000,Shared
49,126,32,41,F,Employed,Personal,Rail,1.14,3.2,Tue,1,60000,Two+
50,191,50,16,M,Student,Commuting,Bus,15.22,21.0,Thu,2,30000,None
51,165,11,16,F,Retired,Recreation,Car,3.13,5.7,Wed,3,100000,One
52,77,35,54,M,Retired,Other,Walking,27.91,111.7,Mon,2,80000,None
53,34,34,74,F,Unemployed,Business,Rail,0.14,0.2,Sun,2,40000,None
54,78,13,64,F,Unemployed,Shopping,Car,24.18,32.1,Mon,3,20000,Shared
55,122,36,14,M,Employed,Education,Car,8.21,33.0,Sun,1,20000,Two+
56,69,3,22,M,Student,Shopping,Cycling,14.5,72.0,Mon,1,40000,One
57,66,49,50,M,Unemployed,Shopping,Cycling,1.67,5.4,Sat,2,30000,Two+
58,72,32,51,F,Unemployed,Shopping,Car,6.03,12.8,Wed,1,60000,Two+
59,108,16,28,F,Unemployed,Shopping,Car,5.94,9.4,Mon,1,50000,Shared
60,62,48,23,F,Unemployed,Personal,Car,7.09,11.5,Thu,3,100000,Two+
61,180,27,53,M,Employed,Commuting,Car,4.67,7.1,Wed,2,50000,Shared
62,84,22,62,F,Student,Shopping,Car,7.27,8.8,Fri,1,20000,None
63,7,1,9,F,Unemployed,Recreation,Car,21.49,127.4,Sun,3,100000,Shared
64,86,15,58,M,Retired,Shopping,Car,6.0,8.3,Mon,4,30000,One
65,161,36,23,F,Employed,Recreation,Car,3.18,9.1,Thu,1,20000,Two+
66,192,44,9,F,Student,Commuting,Car,5.84,17.7,Sun,4,30000,Two+
67,111,33,37,M,Unemployed,Personal,Bus,4.12,5.3,Wed,4,100000,None
68,144,2,9,M,Employed,Commuting,Car,4.3,13.1,Sat,4,80000,One
69,24,32,56,M,Student,Shopping,Car,7.84,15.5,Sat,1,60000,Two+
70,158,45,36,M,Employed,Commuting,Car,11.07,19.2,Mon,4,50000,Two+
71,124,35,40,F,Employed,Commuting,Car,14.62,24.1,Tue,2,80000,None
72,187,13,8,F,Employed,Education,Car,5.79,8.0,Sun,3,20000,Shared
73,173,35,10,F,Unemployed,Commuting,Car,13.15,18.6,Fri,2,80000,None
74,138,5,39,M,Employed,Recreation,Bus,21.0,107.0,Thu,3,100000,Shared
75,8,14,31,M,Unemployed,Education,Car,18.63,32.0,Fri,3,100000,None
76,84,22,62,F,Student,Shopping,Car,6.58,12.2,Tue,1,20000,None
77,81,23,19,F,Student,Commuting,Bus,5.78,7.7,Wed,2,30000,Shared
78,13,13,36,M,Unemployed,Commuting,Walking,6.11,14.3,Sun,3,20000,Shared
79,146,1,21,M,Unemployed,Shopping,Walking,11.24,16.2,Sat,3,100000,Shared
80,158,45,36,M,Employed,Shopping,Car,11.33,26.1,Wed,4,50000,Two+
81,71,40,50,F,Student,Commuting,Rail,15.05,22.8,Tue,3,30000,Shared
82,13,13,36,M,Unemployed,Personal,Walking,5.8,9.9,Sun,3,20000,Shared
83,193,17,51,M,Unemployed,Commuting,Walking,6.19,8.9,Thu,4,20000,None
84,143,42,13,F,Unemployed,Other,Rail,6.67,21.5,Fri,3,80000,Shared
85,28,49,6,F,Retired,Other,Car,9.91,12.1,Sun,2,30000,Two+
86,60,30,32,M,Retired,Commuting,Car,2.71,9.6,Tue,4,100000,None
87,109,2,36,M,Retired,Commuting,Car,11.29,15.6,Tue,4,80000,One
88,112,43,16,M,Employed,Other,Walking,15.14,40.2,Wed,2,80000,Two+
89,169,50,32,F,Employed,Commuting,Walking,6.66,13.5,Sat,2,30000,None
90,152,28,62,F,Retired,Other,Rail,9.16,17.3,Tue,2,100000,Shared
91,43,16,64,M,Student,Commuting,Car,8.73,14.6,Sun,1,50000,Shared
92,16,6,32,F,Retired,Recreation,Car,7.27,16.2,Fri,4,50000,One
93,21,8,31,M,Student,Other,Car,8.68,37.3,Fri,1,40000,Shared
94,55,8,11,M,Employed,Commuting,Car,13.08,46.9,Mon,1,40000,Shared
95,105,5,38,F,Unemployed,Commuting,Rail,10.07,12.8,Sat,3,100000,Shared
96,146,1,21,M,Unemployed,Shopping,Walking,17.76,71.2,Thu,3,100000,Shared
97,113,33,44,F,Unemployed,Shopping,Other,17.64,34.7,Wed,4,100000,None
98,62,48,23,F,Unemployed,Commuting,Bus,7.74,30.9,Wed,3,100000,Two+
99,74,26,21,F,Employed,Other,Rail,3.96,14.1,Mon,2,50000,Shared
100,65,35,41,F,Employed,Other,Car,12.0,15.5,Fri,2,80000,None
101,16,6,32,F,Retired,Shopping,Car,27.46,39.1,Wed,4,50000,One
102,50,40,29,M,Student,Commuting,Car,15.02,19.3,Sun,3,30000,Shared
103,103,48,43,F,Employed,Shopping,Walking,9.49,49.5,Sat,3,100000,Two+
104,81,23,19,F,Student,Personal,Car,0.7,2.1,Tue,2,30000,Shared
105,145,38,12,F,Employed,Personal,Rail,12.63,23.3,Mon,1,30000,Shared
106,27,37,60,M,Unemployed,Other,Car,1.55,2.9,Sat,4,50000,None
107,75,9,47,F,Retired,Shopping,Car,1.66,3.6,Wed,3,60000,Two+
108,150,10,23,M,Student,Shopping,Taxi,3.69,5.3,Mon,2,40000,Shared
109,173,35,10,F,Unemployed,Commuting,Walking,7.28,17.1,Sun,2,80000,None
110,1,5,45,F,Unemployed,Recreation,Car,14.98,29.7,Wed,3,100000,Shared
111,187,13,8,F,Employed,Commuting,Cycling,1.14,5.4,Tue,3,20000,Shared
112,195,39,42,F,Retired,Commuting,Car,11.05,14.1,Tue,1,50000,None
113,87,37,12,M,Retired,Education,Car,4.59,18.9,Sat,4,50000,None
114,179,26,67,M,Student,Education,Rail,2.34,4.3,Tue,2,50000,Shared
115,136,39,57,F,Student,Shopping,Walking,21.85,121.9,Fri,1,50000,None
116,76,39,46,M,Student,Personal,Car,45.81,71.3,Sat,1,50000,None
117,14,22,32,F,Student,Personal,Walking,9.57,20.9,Tue,1,20000,None
118,173,35,10,F,Unemployed,Commuting,Car,2.17,10.4,Sat,2,80000,None
119,172,20,33,M,Student,Shopping,Bus,8.0,15.0,Fri,3,30000,One
120,114,44,33,M,Retired,Education,Walking,3.87,9.5,Mon,4,30000,Two+
121,146,1,21,M,Unemployed,Personal,Walking,3.04,8.0,Tue,3,100000,Shared
122,16,6,32,F,Retired,Shopping,Walking,7.56,10.2,Tue,4,50000,One
123,175,10,60,F,Student,Commuting,Car,23.41,74.7,Sun,2,40000,Shared
124,114,44,33,M,Retired,Other,Car,17.26,39.8,Thu,4,30000,Two+
125,41,25,54,M,Unemployed,Other,Other,10.47,16.9,Fri,4,30000,None
126,163,14,19,M,Employed,Personal,Car,19.81,48.9,Sun,3,100000,None
127,32,4,59,M,Retired,Recreation,Car,18.08,61.4,Fri,3,50000,One
128,57,22,26,F,Student,Commuting,Car,18.71,42.2,Mon,1,20000,None
129,96,48,5,F,Employed,Shopping,Walking,17.87,100.1,Mon,3,100000,Two+
130,138,5,39,M,Employed,Other,Car,15.99,22.4,Fri,3,100000,Shared
131,116,50,39,M,Employed,Shopping,Car,9.85,52.0,Sat,2,30000,None
132,96,48,5,F,Employed,Commuting,Car,4.47,8.1,Thu,3,100000,Two+
133,183,38,7,M,Unemployed,Shopping,Car,15.88,23.1,Thu,1,30000,Shared
134,169,50,32,F,Employed,Commuting,Car,18.1,48.3,Thu,2,30000,None
135,62,48,23,F,Unemployed,Recreation,Taxi,23.89,96.1,Sat,3,100000,Two+
136,193,17,51,M,Unemployed,Commuting,Car,11.13,16.8,Wed,4,20000,None
137,9,15,46,F,Employed,Personal,Car,12.71,19.6,Fri,4,30000,One
138,164,3,20,M,Employed,Personal,Walking,9.19,51.9,Thu,1,40000,One
139,138,5,39,M,Employed,Other,Car,2.63,3.3,Tue,3,100000,Shared
140,62,48,23,F,Unemployed,Personal,Rail,13.99,21.4,Sat,3,100000,Two+
141,124,35,40,F,Employed,Shopping,Bus,6.66,18.2,Fri,2,80000,None
142,200,17,9,M,Retired,Shopping,Other,6.9,10.3,Fri,4,20000,None
143,58,38,55,F,Retired,Shopping,Car,13.84,21.8,Wed,1,30000,Shared
144,180,27,53,M,Employed,Education,Walking,14.94,22.1,Fri,2,50000,Shared
145,18,28,66,M,Employed,Business,Bus,13.91,25.9,Tue,2,100000,Shared
146,144,2,9,M,Employed,Personal,Car,7.82,19.0,Thu,4,80000,One
147,163,14,19,M,Employed,Recreation,Rail,10.12,23.9,Tue,3,100000,None
148,48,33,28,F,Unemployed,Personal,Walking,16.46,45.0,Thu,4,100000,None
149,52,16,65,M,Retired,Education,Car,6.69,16.5,Sat,1,50000,Shared
150,57,22,26,F,Student,Commuting,Bus,7.17,15.7,Sun,1,20000,None
151,55,8,11,M,Employed,Recreation,Car,5.95,16.1,Thu,1,40000,Shared
152,171,17,77,M,Employed,Commuting,Car,5.47,9.0,Mon,4,20000,None
153,79,36,49,F,Employed,Other,Car,24.59,34.6,Sun,1,20000,Two+
154,7,1,9,F,Unemployed,Personal,Walking,31.86,52.8,Thu,3,100000,Shared
155,198,34,56,M,Student,Commuting,Car,10.96,14.6,Sun,2,40000,None
156,83,22,55,M,Student,Personal,Car,3.28,4.4,Wed,1,20000,None
157,173,35,10,F,Unemployed,Recreation,Car,1.95,11.1,Mon,2,80000,None
158,95,1,38,F,Student,Commuting,Car,10.2,12.6,Sun,3,100000,Shared
159,200,17,9,M,Retired,Commuting,Car,8.48,15.2,Thu,4,20000,None
160,35,48,20,M,Employed,Other,Cycling,15.22,46.2,Sun,3,100000,Two+
161,111,33,37,M,Unemployed,Recreation,Car,13.66,53.1,Wed,4,100000,None
162,143,42,13,F,Unemployed,Education,Car,10.83,62.4,Tue,3,80000,Shared
163,141,44,21,M,Student,Personal,Car,6.98,12.6,Wed,4,30000,Two+
164,92,19,62,M,Student,Recreation,Walking,9.6,31.8,Fri,4,80000,None
165,6,37,51,F,Unemployed,Shopping,Car,9.88,14.8,Wed,4,50000,None
166,14,22,32,F,Student,Shopping,Rail,11.75,44.8,Tue,1,20000,None
167,162,18,51,M,Employed,Shopping,Car,11.0,16.3,Thu,4,50000,Shared
168,161,36,23,F,Employed,Other,Car,1.78,6.0,Sat,1,20000,Two+
169,153,8,65,M,Employed,Recreation,Walking,13.66,46.5,Mon,1,40000,Shared
170,78,13,64,F,Unemployed,Shopping,Car,16.14,27.2,Sun,3,20000,Shared
171,173,35,10,F,Unemployed,Commuting,Rail,5.88,7.3,Sun,2,80000,None
172,149,44,58,M,Unemployed,Commuting,Car,4.64,16.3,Tue,4,30000,Two+
173,121,36,25,M,Employed,Commuting,Cycling,7.18,22.3,Mon,1,20000,Two+
174,77,35,54,M,Retired,Commuting,Walking,8.82,14.4,Sun,2,80000,None
175,89,6,51,M,Unemployed,Other,Car,6.14,10.1,Fri,4,50000,One
176,159,47,25,F,Student,Education,Bus,6.24,37.5,Fri,4,60000,Shared
177,156,49,29,F,Employed,Shopping,Car,17.32,64.5,Thu,2,30000,Two+
178,14,22,32,F,Student,Shopping,Car,11.08,20.5,Fri,1,20000,None
179,123,24,68,M,Employed,Shopping,Cycling,6.71,12.9,Tue,4,60000,One
180,71,40,50,F,Student,Commuting,Car,8.72,30.7,Sat,3,30000,Shared
181,31,32,74,F,Unemployed,Business,Car,15.56,27.1,Mon,1,60000,Two+
182,85,49,56,F,Student,Commuting,Car,6.52,10.6,Mon,2,30000,Two+
183,68,21,36,M,Employed,Personal,Car,10.28,18.3,Sat,2,30000,Two+
184,17,44,34,F,Unemployed,Shopping,Bus,11.72,15.8,Sat,4,30000,Two+
185,159,47,25,F,Student,Recreation,Taxi,2.17,5.6,Thu,4,60000,Shared
186,136,39,57,F,Student,Personal,Car,4.95,21.7,Sat,1,50000,None
187,167,24,32,M,Retired,Other,Car,2.76,3.5,Sat,4,60000,One
188,159,47,25,F,Student,Commuting,Cycling,2.42,3.8,Tue,4,60000,Shared
189,38,19,24,F,Unemployed,Business,Car,8.01,13.8,Sun,4,80000,None
190,40,39,5,M,Retired,Education,Car,1.98,3.5,Sun,1,50000,None
191,88,44,9,M,Retired,Recreation,Bus,10.05,18.5,Fri,4,30000,Two+
192,45,5,41,F,Unemployed,Personal,Car,7.69,10.1,Tue,3,100000,Shared
193,140,12,13,F,Student,Commuting,Car,4.71,11.0,Fri,3,60000,Two+
194,131,19,13,M,Retired,Recreation,Car,22.62,63.3,Mon,4,80000,None
195,40,39,5,M,Retired,Shopping,Car,11.61,27.4,Sat,1,50000,None
196,183,38,7,M,Unemployed,Education,Car,4.44,5.6,Thu,1,30000,Shared
197,156,49,29,F,Employed,Education,Car,24.34,35.5,Fri,2,30000,Two+
198,22,37,55,F,Retired,Shopping,Bus,5.76,12.5,Fri,4,50000,None
199,45,5,41,F,Unemployed,Personal,Car,3.19,4.1,Sun,3,100000,Shared
200,133,47,20,M,Employed,Personal,Bus,3.63,6.4,Mon,4,60000,Shared
201,77,35,54,M,Retired,Shopping,Walking,24.8,54.6,Thu,2,80000,None
202,182,6,73,M,Employed,Other,Bus,8.22,10.2,Tue,4,50000,One
203,119,7,72,F,Employed,Other,Bus,10.85,16.6,Mon,1,20000,Two+
204,127,13,27,M,Unemployed,Personal,Car,4.58,8.8,Wed,3,20000,Shared
205,172,20,33,M,Student,Shopping,Car,12.31,19.3,Sat,3,30000,One
206,70,31,58,F,Unemployed,Other,Car,14.35,48.0,Sat,1,50000,None
207,68,21,36,M,Employed,Shopping,Bus,2.22,5.3,Fri,2,30000,Two+
208,82,2,36,M,Unemployed,Shopping,Car,1.69,2.4,Tue,4,80000,One
209,50,40,29,M,Student,Recreation,Car,17.57,61.4,Tue,3,30000,Shared
210,190,34,58,F,Unemployed,Recreation,Walking,6.28,7.8,Tue,2,40000,None
211,83,22,55,M,Student,Education,Car,14.85,69.2,Wed,1,20000,None
212,83,22,55,M,Student,Commuting,Walking,7.17,12.6,Sun,1,20000,None
213,40,39,5,M,Retired,Personal,Car,7.44,11.9,Sun,1,50000,None
214,142,7,50,M,Retired,Personal,Walking,5.05,6.4,Sat,1,20000,Two+
215,63,49,21,F,Retired,Education,Bus,8.61,28.5,Wed,2,30000,Two+
216,81,23,19,F,Student,Education,Car,23.62,46.9,Thu,2,30000,Shared
217,197,18,34,M,Unemployed,Commuting,Car,13.38,20.8,Tue,4,50000,Shared
218,67,35,64,M,Retired,Commuting,Car,25.96,51.7,Fri,2,80000,None
219,116,50,39,M,Employed,Shopping,Car,8.91,15.3,Thu,2,30000,None
220,37,36,23,F,Unemployed,Recreation,Taxi,26.54,63.7,Sat,1,20000,Two+
221,35,48,20,M,Employed,Commuting,Car,13.46,17.4,Wed,3,100000,Two+
222,52,16,65,M,Retired,Shopping,Car,9.31,17.3,Thu,1,50000,Shared
223,38,19,24,F,Unemployed,Recreation,Walking,4.34,5.4,Sat,4,80000,None
224,63,49,21,F,Retired,Commuting,Walking,1.96,7.8,Sat,2,30000,Two+
225,23,24,63,F,Retired,Commuting,Car,4.05,14.6,Mon,4,60000,One
226,47,3,24,F,Student,Business,Car,21.86,77.1,Fri,1,40000,One
227,6,37,51,F,Unemployed,Business,Other,17.59,51.6,Tue,4,50000,None
228,116,50,39,M,Employed,Commuting,Car,20.01,52.0,Sat,2,30000,None
229,77,35,54,M,Retired,Recreation,Car,6.63,28.2,Thu,2,80000,None
230,89,6,51,M,Unemployed,Recreation,Car,8.77,16.9,Wed,4,50000,One
231,122,36,14,M,Employed,Commuting,Walking,21.22,43.3,Wed,1,20000,Two+
232,182,6,73,M,Employed,Personal,Walking,10.93,28.8,Tue,4,50000,One
233,135,21,57,M,Retired,Recreation,Car,22.89,133.4,Fri,2,30000,Two+
234,104,30,27,F,Student,Business,Bus,12.36,36.3,Fri,4,100000,None
235,20,13,7,M,Student,Personal,Car,22.12,40.8,Thu,3,20000,Shared
236,78,13,64,F,Unemployed,Other,Car,9.78,16.6,Fri,3,20000,Shared
237,86,15,58,M,Retired,Personal,Rail,8.16,19.4,Mon,4,30000,One
238,62,48,23,F,Unemployed,Business,Car,2.36,3.8,Wed,3,100000,Two+
239,127,13,27,M,Unemployed,Shopping,Rail,1.81,5.8,Mon,3,20000,Shared
240,179,26,67,M,Student,Personal,Cycling,15.51,54.0,Fri,2,50000,Shared
241,38,19,24,F,Unemployed,Shopping,Walking,2.57,5.5,Thu,4,80000,None
242,23,24,63,F,Retired,Shopping,Car,3.47,8.9,Fri,4,60000,One
243,159,47,25,F,Student,Business,Car,5.35,12.3,Sun,4,60000,Shared
244,159,47,25,F,Student,Education,Car,12.11,22.0,Sun,4,60000,Shared
245,6,37,51,F,Unemployed,Recreation,Walking,24.73,135.9,Mon,4,50000,None
246,154,39,5,M,Employed,Commuting,Walking,2.67,4.9,Sun,1,50000,None
247,55,8,11,M,Employed,Shopping,Car,8.79,12.0,Tue,1,40000,Shared
248,174,5,51,M,Student,Recreation,Bus,5.99,12.4,Tue,3,100000,Shared
249,41,25,54,M,Unemployed,Commuting,Bus,11.89,16.9,Mon,4,30000,None
250,146,1,21,M,Unemployed,Shopping,Rail,6.81,14.8,Sat,3,100000,Shared
251,108,16,28,F,Unemployed,Recreation,Taxi,40.52,72.4,Fri,1,50000,Shared
252,92,19,62,M,Student,Commuting,Rail,10.28,18.6,Sat,4,80000,None
253,61,33,73,F,Employed,Other,Walking,4.09,7.1,Wed,4,100000,None
254,12,15,47,M,Retired,Commuting,Rail,3.39,4.2,Tue,4,30000,One
255,115,31,50,F,Employed,Shopping,Walking,28.76,45.6,Sun,1,50000,None
256,161,36,23,F,Employed,Commuting,Walking,11.32,16.7,Sat,1,20000,Two+
257,105,5,38,F,Unemployed,Recreation,Walking,7.77,14.8,Fri,3,100000,Shared
258,148,6,35,M,Employed,Personal,Rail,8.9,12.1,Thu,4,50000,One
259,130,49,16,M,Employed,Recreation,Car,10.4,24.5,Mon,2,30000,Two+
260,94,9,16,M,Employed,Personal,Car,1.56,2.9,Sun,3,60000,Two+
261,22,37,55,F,Retired,Education,Walking,5.97,12.8,Thu,4,50000,None
262,136,39,57,F,Student,Recreation,Bus,14.59,21.7,Thu,1,50000,None
263,132,14,56,M,Student,Other,Bus,10.28,12.4,Sat,3,100000,None
264,151,3,49,M,Student,Business,Walking,17.38,29.2,Mon,1,40000,One
265,61,33,73,F,Employed,Shopping,Car,5.28,6.8,Mon,4,100000,None
266,31,32,74,F,Unemployed,Recreation,Cycling,6.66,26.7,Tue,1,60000,Two+
267,158,45,36,M,Employed,Shopping,Car,8.57,34.1,Wed,4,50000,Two+
268,4,24,41,M,Retired,Personal,Rail,5.47,12.3,Sun,4,60000,One
269,15,45,66,M,Employed,Shopping,Cycling,55.41,144.5,Sun,4,50000,Two+
270,27,37,60,M,Unemployed,Shopping,Other,15.59,40.9,Wed,4,50000,None
271,63,49,21,F,Retired,Personal,Cycling,21.94,26.6,Sun,2,30000,Two+
272,81,23,19,F,Student,Recreation,Car,3.6,18.0,Wed,2,30000,Shared
273,3,33,52,M,Unemployed,Education,Cycling,11.11,25.5,Sun,4,100000,None
274,73,2,31,F,Student,Other,Walking,17.77,33.4,Fri,4,80000,One
275,34,34,74,F,Unemployed,Business,Car,0.9,1.1,Sat,2,40000,None
276,39,41,37,F,Retired,Commuting,Car,1.52,3.3,Mon,3,80000,Shared
277,117,26,12,M,Student,Shopping,Car,5.55,11.3,Fri,2,50000,Shared
278,31,32,74,F,Unemployed,Education,Car,15.57,40.9,Mon,1,60000,Two+
279,139,43,79,F,Unemployed,Personal,Car,17.98,26.0,Sat,2,80000,Two+
280,100,29,73,M,Employed,Business,Walking,10.94,22.2,Sun,4,50000,None
281,156,49,29,F,Employed,Commuting,Walking,3.77,8.2,Sun,2,30000,Two+
282,15,45,66,M,Employed,Education,Cycling,9.88,16.8,Fri,4,50000,Two+
283,157,38,10,F,Retired,Commuting,Car,5.5,11.3,Mon,1,30000,Shared
284,149,44,58,M,Unemployed,Shopping,Bus,7.86,21.3,Sun,4,30000,Two+
285,102,12,20,F,Student,Personal,Cycling,12.57,49.2,Fri,3,60000,Two+
286,50,40,29,M,Student,Education,Car,5.8,8.5,Mon,3,30000,Shared
287,35,48,20,M,Employed,Shopping,Walking,4.49,10.7,Sat,3,100000,Two+
288,147,25,49,F,Retired,Shopping,Taxi,1.12,2.4,Mon,4,30000,None
289,195,39,42,F,Retired,Other,Cycling,2.84,5.7,Fri,1,50000,None
290,83,22,55,M,Student,Commuting,Car,10.76,41.7,Fri,1,20000,None
291,14,22,32,F,Student,Education,Car,17.63,39.3,Fri,1,20000,None
292,131,19,13,M,Retired,Recreation,Bus,9.83,28.3,Tue,4,80000,None
293,88,44,9,M,Retired,Shopping,Car,16.06,41.2,Mon,4,30000,Two+
294,107,1,73,M,Retired,Commuting,Car,9.82,13.8,Tue,3,100000,Shared
295,174,5,51,M,Student,Personal,Walking,24.8,39.4,Sat,3,100000,Shared
296,92,19,62,M,Student,Shopping,Bus,5.4,14.9,Fri,4,80000,None
297,113,33,44,F,Unemployed,Education,Rail,16.54,70.1,Wed,4,100000,None
298,107,1,73,M,Retired,Recreation,Walking,14.19,25.0,Fri,3,100000,Shared
299,95,1,38,F,Student,Education,Car,2.08,3.0,Sat,3,100000,Shared
300,44,1,52,F,Retired,Commuting,Car,8.71,25.7,Tue,3,100000,Shared
301,102,12,20,F,Student,Recreation,Walking,6.98,12.7,Wed,3,60000,Two+
302,109,2,36,M,Retired,Personal,Walking,12.0,23.7,Wed,4,80000,One
303,87,37,12,M,Retired,Business,Cycling,8.35,18.8,Fri,4,50000,None
304,31,32,74,F,Unemployed,Recreation,Rail,6.9,13.2,Sat,1,60000,Two+
305,166,16,76,F,Retired,Personal,Walking,11.53,26.9,Mon,1,50000,Shared
306,134,35,16,M,Retired,Recreation,Car,7.7,11.0,Mon,2,80000,None
307,44,1,52,F,Retired,Recreation,Rail,11.4,52.3,Sat,3,100000,Shared
308,123,24,68,M,Employed,Personal,Walking,5.38,10.6,Thu,4,60000,One
309,168,28,40,F,Retired,Shopping,Bus,6.53,22.9,Sun,2,100000,Shared
310,25,49,62,F,Retired,Personal,Walking,6.8,30.6,Mon,2,30000,Two+
311,123,24,68,M,Employed,Shopping,Taxi,11.0,60.4,Mon,4,60000,One
312,186,9,5,M,Employed,Education,Car,12.18,33.6,Tue,3,60000,Two+
313,151,3,49,M,Student,Education,Car,11.95,17.3,Tue,1,40000,One
314,158,45,36,M,Employed,Commuting,Walking,2.19,3.2,Fri,4,50000,Two+
315,89,6,51,M,Unemployed,Shopping,Walking,3.11,10.6,Sat,4,50000,One
316,67,35,64,M,Retired,Other,Car,3.82,10.7,Sun,2,80000,None
317,4,24,41,M,Retired,Personal,Car,7.38,17.3,Thu,4,60000,One
318,160,21,79,F,Employed,Other,Car,13.71,36.3,Wed,2,30000,Two+
319,60,30,32,M,Retired,Commuting,Rail,10.16,41.0,Tue,4,100000,None
320,6,37,51,F,Unemployed,Commuting,Cycling,8.05,32.4,Wed,4,50000,None
321,106,10,23,F,Retired,Shopping,Car,2.74,6.3,Mon,2,40000,Shared
322,160,21,79,F,Employed,Commuting,Cycling,10.56,49.0,Mon,2,30000,Two+
323,46,9,23,F,Retired,Commuting,Car,9.2,11.2,Fri,3,60000,Two+
324,51,46,70,F,Unemployed,Recreation,Walking,16.8,47.9,Fri,4,80000,None
325,97,39,68,M,Employed,Commuting,Car,1.6,6.4,Wed,1,50000,None
326,77,35,54,M,Retired,Recreation,Car,3.65,4.4,Wed,2,80000,None
327,19,27,66,M,Retired,Shopping,Walking,9.28,30.4,Thu,2,50000,Shared
328,131,19,13,M,Retired,Recreation,Car,36.9,81.8,Wed,4,80000,None
329,50,40,29,M,Student,Commuting,Walking,3.26,9.6,Thu,3,30000,Shared
330,15,45,66,M,Employed,Personal,Car,14.55,26.7,Wed,4,50000,Two+
331,172,20,33,M,Student,Personal,Rail,2.25,4.7,Sat,3,30000,One
332,8,14,31,M,Unemployed,Shopping,Car,30.47,91.0,Sun,3,100000,None
333,26,39,6,M,Employed,Personal,Walking,12.83,26.1,Fri,1,50000,None
334,156,49,29,F,Employed,Recreation,Bus,4.54,8.4,Fri,2,30000,Two+
335,79,36,49,F,Employed,Commuting,Car,2.41,2.9,Wed,1,20000,Two+
336,32,4,59,M,Retired,Other,Rail,18.53,27.9,Fri,3,50000,One
337,11,4,27,M,Employed,Recreation,Car,16.15,40.8,Tue,3,50000,One
338,154,39,5,M,Employed,Business,Car,5.38,7.0,Mon,1,50000,None
339,160,21,79,F,Employed,Education,Taxi,25.74,34.3,Sat,2,30000,Two+
340,28,49,6,F,Retired,Commuting,Bus,13.02,19.0,Sun,2,30000,Two+
341,129,20,17,M,Unemployed,Other,Walking,6.35,18.8,Fri,3,30000,One
342,126,32,41,F,Employed,Recreation,Walking,10.68,16.6,Fri,1,60000,Two+
343,149,44,58,M,Unemployed,Personal,Car,13.53,69.9,Sat,4,30000,Two+
344,81,23,19,F,Student,Personal,Bus,18.79,32.8,Sat,2,30000,Shared
345,133,47,20,M,Employed,Commuting,Car,4.31,24.7,Thu,4,60000,Shared
346,66,49,50,M,Unemployed,Commuting,Car,12.17,61.1,Sat,2,30000,Two+
347,6,37,51,F,Unemployed,Shopping,Bus,26.18,96.2,Sun,4,50000,None
348,164,3,20,M,Employed,Commuting,Bus,7.06,10.6,Sun,1,40000,One
349,122,36,14,M,Employed,Shopping,Car,17.97,28.3,Fri,1,20000,Two+
350,131,19,13,M,Retired,Personal,Cycling,9.62,24.7,Sat,4,80000,None
351,199,33,34,M,Student,Personal,Walking,8.84,51.3,Sat,4,100000,None
352,52,16,65,M,Retired,Personal,Car,41.35,185.8,Fri,1,50000,Shared
353,26,39,6,M,Employed,Personal,Car,2.91,6.4,Sun,1,50000,None
354,77,35,54,M,Retired,Personal,Car,3.97,15.4,Thu,2,80000,None
355,163,14,19,M,Employed,Commuting,Walking,21.03,70.5,Sat,3,100000,None
356,108,16,28,F,Unemployed,Education,Car,1.09,1.4,Tue,1,50000,Shared
357,129,20,17,M,Unemployed,Recreation,Walking,15.31,32.9,Fri,3,30000,One
358,197,18,34,M,Unemployed,Personal,Car,1.81,2.9,Sat,4,50000,Shared
359,55,8,11,M,Employed,Commuting,Car,4.74,10.8,Tue,1,40000,Shared
360,176,45,9,M,Retired,Shopping,Cycling,11.23,36.2,Tue,4,50000,Two+
361,197,18,34,M,Unemployed,Education,Taxi,10.17,19.0,Fri,4,50000,Shared
362,79,36,49,F,Employed,Recreation,Bus,20.56,47.1,Sun,1,20000,Two+
363,140,12,13,F,Student,Business,Car,5.15,8.2,Mon,3,60000,Two+
364,170,41,68,M,Student,Other,Car,7.26,8.8,Sun,3,80000,Shared
365,86,15,58,M,Retired,Personal,Car,2.1,2.9,Wed,4,30000,One
366,104,30,27,F,Student,Commuting,Car,5.74,24.3,Thu,4,100000,None
367,146,1,21,M,Unemployed,Commuting,Car,10.42,29.6,Sat,3,100000,Shared
368,175,10,60,F,Student,Recreation,Cycling,5.05,15.0,Thu,2,40000,Shared
369,91,50,34,M,Employed,Recreation,Other,7.32,14.6,Mon,2,30000,None
370,38,19,24,F,Unemployed,Commuting,Car,7.85,13.5,Thu,4,80000,None
371,172,20,33,M,Student,Commuting,Bus,3.58,7.7,Sun,3,30000,One
372,165,11,16,F,Retired,Shopping,Car,19.44,33.1,Fri,3,100000,One
373,104,30,27,F,Student,Recreation,Car,18.48,25.8,Mon,4,100000,None
374,170,41,68,M,Student,Education,Car,8.49,22.1,Sun,3,80000,Shared
375,14,22,32,F,Student,Other,Car,5.85,11.5,Sun,1,20000,None
376,30,2,57,F,Student,Recreation,Car,6.74,8.6,Mon,4,80000,One
377,106,10,23,F,Retired,Recreation,Rail,4.34,6.0,Fri,2,40000,Shared
378,91,50,34,M,Employed,Recreation,Car,5.56,7.2,Sun,2,30000,None
379,148,6,35,M,Employed,Commuting,Cycling,5.25,8.6,Sun,4,50000,One
380,196,34,42,F,Student,Shopping,Walking,8.91,19.1,Mon,2,40000,None
381,160,21,79,F,Employed,Personal,Car,19.3,48.8,Tue,2,30000,Two+
382,195,39,42,F,Retired,Recreation,Car,17.87,64.2,Fri,1,50000,None
383,128,41,34,M,Employed,Recreation,Car,4.15,8.4,Wed,3,80000,Shared
384,142,7,50,M,Retired,Personal,Rail,6.31,12.3,Sat,1,20000,Two+
385,189,31,76,M,Student,Recreation,Car,6.8,39.2,Thu,1,50000,None
386,135,21,57,M,Retired,Shopping,Walking,15.34,33.7,Tue,2,30000,Two+
387,172,20,33,M,Student,Personal,Bus,5.68,31.9,Thu,3,30000,One
388,194,37,18,F,Unemployed,Commuting,Walking,13.0,31.5,Tue,4,50000,None
389,32,4,59,M,Retired,Commuting,Car,25.82,32.4,Wed,3,50000,One
390,81,23,19,F,Student,Personal,Car,3.64,7.9,Fri,2,30000,Shared
391,179,26,67,M,Student,Recreation,Car,1.57,5.3,Wed,2,50000,Shared
392,199,33,34,M,Student,Commuting,Walking,13.29,27.6,Fri,4,100000,None
393,131,19,13,M,Retired,Shopping,Rail,19.39,29.1,Tue,4,80000,None
394,172,20,33,M,Student,Shopping,Rail,20.35,25.9,Thu,3,30000,One
395,142,7,50,M,Retired,Commuting,Taxi,6.14,14.2,Fri,1,20000,Two+
396,176,45,9,M,Retired,Business,Car,16.96,37.2,Mon,4,50000,Two+
397,81,23,19,F,Student,Recreation,Car,6.38,12.6,Mon,2,30000,Shared
398,186,9,5,M,Employed,Recreation,Cycling,16.36,29.2,Mon,3,60000,Two+
399,157,38,10,F,Retired,Recreation,Car,4.06,18.8,Sun,1,30000,Shared
400,188,49,36,F,Retired,Commuting,Car,10.03,28.8,Wed,2,30000,Two+
401,10,32,56,M,Retired,Other,Rail,7.05,14.9,Tue,1,60000,Two+
402,120,50,79,M,Retired,Recreation,Car,3.12,4.3,Fri,2,30000,None
403,169,50,32,F,Employed,Recreation,Car,12.36,24.0,Sun,2,30000,None
404,59,27,31,F,Employed,Commuting,Car,14.36,18.2,Wed,2,50000,Shared
405,84,22,62,F,Student,Commuting,Other,2.77,5.2,Tue,1,20000,None
406,58,38,55,F,Retired,Commuting,Walking,5.41,9.2,Thu,1,30000,Shared
407,134,35,16,M,Retired,Education,Cycling,4.78,13.4,Sat,2,80000,None
408,47,3,24,F,Student,Commuting,Walking,6.13,8.6,Wed,1,40000,One
409,27,37,60,M,Unemployed,Education,Bus,7.64,34.2,Tue,4,50000,None
410,148,6,35,M,Employed,Shopping,Cycling,6.07,26.9,Sun,4,50000,One
411,146,1,21,M,Unemployed,Education,Car,11.98,16.5,Mon,3,100000,Shared
412,86,15,58,M,Retired,Shopping,Walking,12.41,21.5,Thu,4,30000,One
413,55,8,11,M,Employed,Personal,Car,4.14,10.7,Tue,1,40000,Shared
414,157,38,10,F,Retired,Shopping,Car,8.97,21.4,Fri,1,30000,Shared
415,89,6,51,M,Unemployed,Commuting,Rail,5.28,14.7,Sun,4,50000,One
416,73,2,31,F,Student,Personal,Car,16.12,69.4,Tue,4,80000,One
417,1,5,45,F,Unemployed,Education,Car,1.54,2.2,Thu,3,100000,Shared
418,191,50,16,M,Student,Personal,Car,7.98,12.6,Wed,2,30000,None
419,134,35,16,M,Retired,Commuting,Car,6.42,26.7,Sat,2,80000,None
420,153,8,65,M,Employed,Shopping,Rail,19.25,28.4,Sat,1,40000,Shared
421,184,37,57,M,Student,Recreation,Bus,15.42,21.8,Wed,4,50000,None
422,151,3,49,M,Student,Business,Car,7.3,9.7,Tue,1,40000,One
423,32,4,59,M,Retired,Personal,Bus,10.84,20.4,Sat,3,50000,One
424,123,24,68,M,Employed,Commuting,Cycling,8.82,15.1,Sun,4,60000,One
425,155,28,66,M,Unemployed,Commuting,Walking,13.6,22.0,Tue,2,100000,Shared
426,66,49,50,M,Unemployed,Recreation,Taxi,12.42,17.8,Fri,2,30000,Two+
427,151,3,49,M,Student,Recreation,Rail,6.66,8.4,Tue,1,40000,One
428,37,36,23,F,Unemployed,Personal,Walking,7.54,10.3,Sat,1,20000,Two+
429,160,21,79,F,Employed,Education,Car,3.79,7.5,Wed,2,30000,Two+
430,134,35,16,M,Retired,Other,Car,9.34,14.5,Sat,2,80000,None
431,141,44,21,M,Student,Business,Taxi,5.07,13.3,Sat,4,30000,Two+
432,70,31,58,F,Unemployed,Shopping,Walking,5.28,10.5,Sat,1,50000,None
433,47,3,24,F,Student,Recreation,Car,6.56,9.7,Thu,1,40000,One
434,161,36,23,F,Employed,Shopping,Rail,6.19,13.2,Thu,1,20000,Two+
435,128,41,34,M,Employed,Other,Walking,9.59,12.5,Wed,3,80000,Shared
436,130,49,16,M,Employed,Commuting,Car,8.4,33.3,Sat,2,30000,Two+
437,7,1,9,F,Unemployed,Shopping,Bus,5.42,15.9,Mon,3,100000,Shared
438,99,16,55,M,Student,Shopping,Other,4.31,5.5,Fri,1,50000,Shared
439,166,16,76,F,Retired,Recreation,Taxi,16.11,22.8,Wed,1,50000,Shared
440,200,17,9,M,Retired,Shopping,Car,17.09,25.0,Wed,4,20000,None
441,200,17,9,M,Retired,Other,Car,18.49,56.7,Fri,4,20000,None
442,87,37,12,M,Retired,Commuting,Rail,13.75,29.7,Thu,4,50000,None
443,19,27,66,M,Retired,Education,Walking,21.48,31.2,Tue,2,50000,Shared
444,39,41,37,F,Retired,Personal,Car,7.71,10.2,Mon,3,80000,Shared
445,16,6,32,F,Retired,Commuting,Bus,8.01,14.2,Sun,4,50000,One
446,127,13,27,M,Unemployed,Shopping,Car,17.37,24.2,Thu,3,20000,Shared
447,40,39,5,M,Retired,Commuting,Car,1.14,2.4,Mon,1,50000,None
448,83,22,55,M,Student,Other,Car,3.34,4.1,Thu,1,20000,None
449,199,33,34,M,Student,Other,Walking,6.94,24.3,Fri,4,100000,None
450,138,5,39,M,Employed,Commuting,Car,20.69,34.6,Thu,3,100000,Shared
451,157,38,10,F,Retired,Other,Car,6.11,10.2,Wed,1,30000,Shared
452,60,30,32,M,Retired,Shopping,Cycling,10.21,26.6,Sun,4,100000,None
453,136,39,57,F,Student,Shopping,Car,2.21,3.0,Mon,1,50000,None
454,109,2,36,M,Retired,Personal,Car,8.29,31.9,Fri,4,80000,One
455,126,32,41,F,Employed,Education,Walking,20.36,72.7,Wed,1,60000,Two+
456,9,15,46,F,Employed,Shopping,Bus,14.55,26.3,Tue,4,30000,One
457,134,35,16,M,Retired,Personal,Rail,0.63,0.9,Fri,2,80000,None
458,36,6,7,F,Retired,Personal,Cycling,4.12,22.1,Wed,4,50000,One
459,172,20,33,M,Student,Recreation,Cycling,7.76,15.3,Fri,3,30000,One
460,116,50,39,M,Employed,Shopping,Walking,1.93,5.4,Fri,2,30000,None
461,22,37,55,F,Retired,Recreation,Car,11.35,17.5,Mon,4,50000,None
462,6,37,51,F,Unemployed,Personal,Taxi,11.5,62.5,Wed,4,50000,None
463,45,5,41,F,Unemployed,Other,Bus,3.2,5.1,Tue,3,100000,Shared
464,64,30,50,M,Student,Shopping,Rail,14.44,63.5,Tue,4,100000,None
465,31,32,74,F,Unemployed,Recreation,Rail,7.4,9.0,Tue,1,60000,Two+
466,5,40,39,M,Unemployed,Recreation,Rail,14.82,43.4,Mon,3,30000,Shared
467,69,3,22,M,Student,Shopping,Walking,3.83,19.9,Mon,1,40000,One
468,86,15,58,M,Retired,Business,Cycling,7.61,21.7,Sun,4,30000,One
469,106,10,23,F,Retired,Shopping,Car,22.64,85.4,Wed,2,40000,Shared
470,93,37,66,M,Unemployed,Shopping,Cycling,10.09,44.9,Wed,4,50000,None
471,180,27,53,M,Employed,Other,Bus,24.63,54.6,Sat,2,50000,Shared
472,101,30,66,F,Employed,Shopping,Walking,7.84,16.6,Wed,4,100000,None
473,41,25,54,M,Unemployed,Shopping,Taxi,2.15,9.9,Thu,4,30000,None
474,67,35,64,M,Retired,Shopping,Bus,6.91,14.7,Wed,2,80000,None
475,170,41,68,M,Student,Recreation,Car,1.63,6.2,Fri,3,80000,Shared
476,127,13,27,M,Unemployed,Shopping,Walking,21.63,41.6,Fri,3,20000,Shared
477,144,2,9,M,Employed,Shopping,Bus,12.25,14.8,Sun,4,80000,One
478,193,17,51,M,Unemployed,Other,Walking,10.63,47.7,Sat,4,20000,None
479,191,50,16,M,Student,Recreation,Walking,20.83,72.6,Sun,2,30000,None
480,22,37,55,F,Retired,Commuting,Car,20.52,56.5,Fri,4,50000,None
481,41,25,54,M,Unemployed,Personal,Walking,6.89,29.8,Sat,4,30000,None
482,86,15,58,M,Retired,Other,Car,15.94,24.2,Mon,4,30000,One
483,89,6,51,M,Unemployed,Education,Car,16.76,27.4,Sat,4,50000,One
484,189,31,76,M,Student,Commuting,Cycling,18.3,25.1,Fri,1,50000,None
485,51,46,70,F,Unemployed,Recreation,Taxi,11.32,46.3,Sun,4,80000,None
486,42,30,46,M,Unemployed,Education,Car,15.56,31.7,Thu,4,100000,None
487,43,16,64,M,Student,Commuting,Rail,5.08,8.8,Sat,1,50000,Shared
488,191,50,16,M,Student,Personal,Bus,12.39,30.6,Tue,2,30000,None
489,30,2,57,F,Student,Other,Walking,4.55,7.0,Sat,4,80000,One
490,38,19,24,F,Unemployed,Education,Walking,4.17,12.4,Sat,4,80000,None
491,163,14,19,M,Employed,Personal,Taxi,9.86,17.1,Mon,3,100000,None
492,198,34,56,M,Student,Shopping,Car,7.26,14.1,Thu,2,40000,None
493,107,1,73,M,Retired,Recreation,Car,6.62,8.5,Fri,3,100000,Shared
494,150,10,23,M,Student,Commuting,Bus,3.53,20.3,Thu,2,40000,Shared
495,120,50,79,M,Retired,Shopping,Bus,7.14,15.4,Sat,2,30000,None
496,3,33,52,M,Unemployed,Commuting,Taxi,3.39,5.2,Wed,4,100000,None
497,156,49,29,F,Employed,Other,Rail,6.76,27.5,Fri,2,30000,Two+
498,134,35,16,M,Retired,Recreation,Car,9.97,14.4,Sun,2,80000,None
499,154,39,5,M,Employed,Shopping,Car,5.57,20.1,Mon,1,50000,None
500,196,34,42,F,Student,Personal,Rail,9.8,17.3,Mon,2,40000,None
501,37,36,23,F,Unemployed,Recreation,Car,8.83,10.8,Sun,1,20000,Two+
502,117,26,12,M,Student,Recreation,Bus,5.22,12.9,Mon,2,50000,Shared
503,180,27,53,M,Employed,Education,Bus,17.62,45.7,Mon,2,50000,Shared
504,173,35,10,F,Unemployed,Other,Other,6.95,12.8,Mon,2,80000,None
505,100,29,73,M,Employed,Shopping,Walking,6.66,15.2,Wed,4,50000,None
506,171,17,77,M,Employed,Personal,Car,5.96,27.6,Fri,4,20000,None
507,47,3,24,F,Student,Commuting,Car,13.37,18.9,Fri,1,40000,One
508,41,25,54,M,Unemployed,Business,Bus,7.33,24.1,Sat,4,30000,None
509,107,1,73,M,Retired,Personal,Walking,4.13,6.8,Wed,3,100000,Shared
510,134,35,16,M,Retired,Other,Walking,9.62,48.1,Thu,2,80000,None
511,6,37,51,F,Unemployed,Business,Walking,3.79,17.7,Sat,4,50000,None
512,130,49,16,M,Employed,Recreation,Bus,1.72,3.2,Thu,2,30000,Two+
513,194,37,18,F,Unemployed,Commuting,Walking,18.64,35.3,Wed,4,50000,None
514,37,36,23,F,Unemployed,Commuting,Car,12.62,22.0,Sat,1,20000,Two+
515,175,10,60,F,Student,Commuting,Cycling,4.93,21.8,Sun,2,40000,Shared
516,176,45,9,M,Retired,Education,Walking,7.0,17.5,Fri,4,50000,Two+
517,37,36,23,F,Unemployed,Recreation,Car,1.83,2.6,Sat,1,20000,Two+
518,120,50,79,M,Retired,Commuting,Cycling,7.11,19.8,Fri,2,30000,None
519,25,49,62,F,Retired,Personal,Car,5.24,7.2,Wed,2,30000,Two+
520,61,33,73,F,Employed,Shopping,Walking,6.26,9.1,Fri,4,100000,None
521,156,49,29,F,Employed,Shopping,Car,7.21,13.4,Sun,2,30000,Two+
522,35,48,20,M,Employed,Recreation,Car,8.43,41.7,Fri,3,100000,Two+
523,3,33,52,M,Unemployed,Personal,Walking,1.42,2.8,Sun,4,100000,None
524,197,18,34,M,Unemployed,Personal,Car,25.22,30.3,Thu,4,50000,Shared
525,174,5,51,M,Student,Recreation,Rail,3.14,5.2,Mon,3,100000,Shared
526,20,13,7,M,Student,Recreation,Car,5.1,7.7,Sun,3,20000,Shared
527,88,44,9,M,Retired,Shopping,Car,18.75,29.3,Mon,4,30000,Two+
528,132,14,56,M,Student,Shopping,Car,0.79,4.2,Wed,3,100000,None
529,42,30,46,M,Unemployed,Recreation,Walking,9.8,15.6,Wed,4,100000,None
530,113,33,44,F,Unemployed,Commuting,Car,0.92,1.7,Tue,4,100000,None
531,144,2,9,M,Employed,Business,Walking,5.85,14.8,Sat,4,80000,One
532,147,25,49,F,Retired,Education,Car,19.36,61.5,Fri,4,30000,None
533,27,37,60,M,Unemployed,Education,Cycling,12.69,31.3,Fri,4,50000,None
534,14,22,32,F,Student,Other,Walking,5.71,6.9,Sat,1,20000,None
535,59,27,31,F,Employed,Personal,Bus,20.28,28.7,Mon,2,50000,Shared
536,13,13,36,M,Unemployed,Recreation,Car,13.51,16.4,Fri,3,20000,Shared
537,80,8,20,F,Retired,Education,Car,7.39,10.6,Fri,1,40000,Shared
538,149,44,58,M,Unemployed,Other,Car,20.69,32.9,Thu,4,30000,Two+
539,13,13,36,M,Unemployed,Commuting,Bus,7.33,20.6,Sun,3,20000,Shared
540,27,37,60,M,Unemployed,Other,Car,13.81,26.5,Thu,4,50000,None
541,23,24,63,F,Retired,Recreation,Walking,9.33,16.3,Sat,4,60000,One
542,108,16,28,F,Unemployed,Personal,Car,8.94,13.0,Sun,1,50000,Shared
543,35,48,20,M,Employed,Recreation,Car,22.9,61.9,Mon,3,100000,Two+
544,19,27,66,M,Retired,Recreation,Rail,3.89,4.8,Sun,2,50000,Shared
545,77,35,54,M,Retired,Shopping,Walking,10.27,36.4,Wed,2,80000,None
546,119,7,72,F,Employed,Commuting,Rail,1.53,6.8,Sun,1,20000,Two+
547,18,28,66,M,Employed,Recreation,Car,10.78,13.0,Fri,2,100000,Shared
548,18,28,66,M,Employed,Commuting,Walking,6.72,25.2,Sat,2,100000,Shared
549,166,16,76,F,Retired,Recreation,Rail,9.51,14.0,Tue,1,50000,Shared
550,128,41,34,M,Employed,Shopping,Walking,12.42,53.9,Thu,3,80000,Shared
551,68,21,36,M,Employed,Recreation,Walking,2.88,13.9,Sat,2,30000,Two+
552,27,37,60,M,Unemployed,Shopping,Car,6.73,10.1,Sat,4,50000,None
553,34,34,74,F,Unemployed,Other,Cycling,3.96,6.1,Wed,2,40000,None
554,32,4,59,M,Retired,Commuting,Car,4.1,15.9,Fri,3,50000,One
555,104,30,27,F,Student,Commuting,Car,6.44,10.0,Fri,4,100000,None
556,50,40,29,M,Student,Personal,Car,2.7,4.1,Tue,3,30000,Shared
557,103,48,43,F,Employed,Recreation,Walking,15.8,91.0,Sat,3,100000,Two+
558,171,17,77,M,Employed,Other,Car,8.87,24.5,Sun,4,20000,None
559,56,33,52,F,Unemployed,Education,Rail,2.32,5.3,Mon,4,100000,None
560,63,49,21,F,Retired,Commuting,Car,18.51,66.3,Fri,2,30000,Two+
561,23,24,63,F,Retired,Business,Car,10.46,31.7,Wed,4,60000,One
562,9,15,46,F,Employed,Shopping,Car,4.09,5.0,Tue,4,30000,One
563,181,34,5,M,Retired,Shopping,Bus,6.21,8.0,Tue,2,40000,None
564,43,16,64,M,Student,Personal,Car,6.7,16.8,Mon,1,50000,Shared
565,30,2,57,F,Student,Shopping,Car,4.24,16.6,Mon,4,80000,One
566,90,40,56,F,Employed,Commuting,Car,4.29,16.0,Wed,3,30000,Shared
567,9,15,46,F,Employed,Other,Car,10.84,46.3,Sat,4,30000,One
568,134,35,16,M,Retired,Personal,Car,6.99,16.6,Mon,2,80000,None
569,110,24,16,F,Unemployed,Personal,Rail,2.36,6.9,Mon,4,60000,One
570,165,11,16,F,Retired,Other,Bus,7.47,11.4,Mon,3,100000,One
571,22,37,55,F,Retired,Education,Car,11.73,46.8,Fri,4,50000,None
572,33,17,42,F,Employed,Education,Car,9.25,16.9,Sat,4,20000,None
573,195,39,42,F,Retired,Personal,Rail,4.09,6.0,Fri,1,50000,None
574,189,31,76,M,Student,Personal,Bus,16.26,51.8,Fri,1,50000,None
575,91,50,34,M,Employed,Shopping,Cycling,12.65,45.2,Thu,2,30000,None
576,100,29,73,M,Employed,Business,Bus,14.85,33.0,Fri,4,50000,None
577,14,22,32,F,Student,Personal,Rail,9.4,16.5,Sat,1,20000,None
578,72,32,51,F,Unemployed,Shopping,Bus,12.37,16.7,Fri,1,60000,Two+
579,101,30,66,F,Employed,Personal,Car,4.44,9.0,Tue,4,100000,None
580,88,44,9,M,Retired,Shopping,Rail,6.64,10.7,Wed,4,30000,Two+
581,177,33,69,F,Retired,Commuting,Walking,2.12,4.3,Tue,4,100000,None
582,83,22,55,M,Student,Recreation,Walking,10.32,32.6,Sun,1,20000,None
583,115,31,50,F,Employed,Shopping,Car,7.51,10.8,Wed,1,50000,None
584,191,50,16,M,Student,Personal,Car,10.83,15.9,Fri,2,30000,None
585,152,28,62,F,Retired,Shopping,Walking,10.16,22.7,Sat,2,100000,Shared
586,179,26,67,M,Student,Shopping,Rail,17.74,56.0,Sat,2,50000,Shared
587,142,7,50,M,Retired,Shopping,Walking,18.86,44.2,Sat,1,20000,Two+
588,62,48,23,F,Unemployed,Education,Rail,7.5,30.8,Thu,3,100000,Two+
589,148,6,35,M,Employed,Business,Car,11.74,26.0,Sun,4,50000,One
590,153,8,65,M,Employed,Education,Car,3.56,8.1,Sun,1,40000,Shared
591,158,45,36,M,Employed,Commuting,Car,19.74,26.7,Tue,4,50000,Two+
592,78,13,64,F,Unemployed,Recreation,Car,18.45,54.0,Tue,3,20000,Shared
593,42,30,46,M,Unemployed,Commuting,Rail,6.48,8.4,Mon,4,100000,None
594,185,10,21,M,Student,Personal,Car,17.17,57.6,Wed,2,40000,Shared
595,143,42,13,F,Unemployed,Commuting,Car,17.05,41.5,Tue,3,80000,Shared
596,18,28,66,M,Employed,Commuting,Other,4.47,8.0,Sun,2,100000,Shared
597,60,30,32,M,Retired,Other,Cycling,6.98,14.9,Tue,4,100000,None
598,43,16,64,M,Student,Commuting,Car,39.68,109.4,Tue,1,50000,Shared
599,189,31,76,M,Student,Shopping,Walking,16.46,20.0,Wed,1,50000,None
600,92,19,62,M,Student,Commuting,Car,12.71,25.7,Tue,4,80000,None
601,7,1,9,F,Unemployed,Commuting,Bus,4.26,5.6,Sat,3,100000,Shared
602,158,45,36,M,Employed,Personal,Car,14.68,21.1,Fri,4,50000,Two+
603,73,2,31,F,Student,Shopping,Car,2.8,4.6,Mon,4,80000,One
604,141,44,21,M,Student,Shopping,Rail,5.84,11.0,Fri,4,30000,Two+
605,56,33,52,F,Unemployed,Recreation,Walking,11.19,33.9,Tue,4,100000,None
606,58,38,55,F,Retired,Recreation,Car,16.66,38.4,Thu,1,30000,Shared
607,137,39,18,M,Student,Shopping,Rail,16.11,59.1,Wed,1,50000,None
608,175,10,60,F,Student,Shopping,Rail,8.21,38.9,Sun,2,40000,Shared
609,142,7,50,M,Retired,Personal,Car,14.2,21.7,Sun,1,20000,Two+
610,171,17,77,M,Employed,Other,Bus,1.42,3.7,Wed,4,20000,None
611,37,36,23,F,Unemployed,Business,Car,3.71,8.9,Sun,1,20000,Two+
612,110,24,16,F,Unemployed,Commuting,Car,5.84,9.1,Sun,4,60000,One
613,4,24,41,M,Retired,Business,Car,5.74,7.7,Thu,4,60000,One
614,79,36,49,F,Employed,Commuting,Walking,5.37,12.5,Thu,1,20000,Two+
615,189,31,76,M,Student,Shopping,Walking,15.44,58.6,Sat,1,50000,None
616,183,38,7,M,Unemployed,Recreation,Car,6.24,12.4,Sat,1,30000,Shared
617,115,31,50,F,Employed,Recreation,Walking,19.41,27.4,Wed,1,50000,None
618,32,4,59,M,Retired,Personal,Car,12.34,51.5,Sat,3,50000,One
619,73,2,31,F,Student,Shopping,Car,14.33,67.7,Mon,4,80000,One
620,129,20,17,M,Unemployed,Personal,Other,3.54,7.6,Wed,3,30000,One
621,175,10,60,F,Student,Education,Car,5.48,7.2,Thu,2,40000,Shared
622,151,3,49,M,Student,Recreation,Car,12.65,18.8,Mon,1,40000,One
623,134,35,16,M,Retired,Education,Bus,2.32,3.2,Wed,2,80000,None
624,5,40,39,M,Unemployed,Commuting,Bus,19.31,26.7,Mon,3,30000,Shared
625,83,22,55,M,Student,Personal,Bus,5.24,12.4,Sat,1,20000,None
626,56,33,52,F,Unemployed,Business,Car,16.23,44.9,Mon,4,100000,None
627,17,44,34,F,Unemployed,Business,Car,3.4,7.9,Fri,4,30000,Two+
628,106,10,23,F,Retired,Shopping,Cycling,8.71,10.7,Thu,2,40000,Shared
629,72,32,51,F,Unemployed,Shopping,Taxi,11.71,40.1,Sun,1,60000,Two+
630,153,8,65,M,Employed,Shopping,Walking,16.73,82.5,Fri,1,40000,Shared
631,45,5,41,F,Unemployed,Recreation,Car,5.64,7.1,Thu,3,100000,Shared
632,20,13,7,M,Student,Shopping,Walking,9.61,18.2,Mon,3,20000,Shared
633,3,33,52,M,Unemployed,Personal,Car,26.44,84.0,Fri,4,100000,None
634,43,16,64,M,Student,Other,Car,11.98,23.1,Tue,1,50000,Shared
635,197,18,34,M,Unemployed,Personal,Car,21.82,30.2,Wed,4,50000,Shared
636,108,16,28,F,Unemployed,Shopping,Car,4.99,6.0,Sat,1,50000,Shared
637,145,38,12,F,Employed,Other,Walking,6.75,12.8,Fri,1,30000,Shared
638,58,38,55,F,Retired,Education,Car,14.3,29.2,Wed,1,30000,Shared
639,19,27,66,M,Retired,Recreation,Car,27.14,60.0,Thu,2,50000,Shared
640,182,6,73,M,Employed,Other,Car,4.01,6.3,Sat,4,50000,One
641,9,15,46,F,Employed,Other,Walking,3.53,17.5,Sun,4,30000,One
642,173,35,10,F,Unemployed,Commuting,Bus,4.75,19.2,Tue,2,80000,None
643,176,45,9,M,Retired,Recreation,Rail,26.41,66.3,Mon,4,50000,Two+
644,15,45,66,M,Employed,Recreation,Car,2.29,2.8,Sat,4,50000,Two+
645,2,9,76,F,Student,Commuting,Car,3.68,9.9,Fri,3,60000,Two+
646,182,6,73,M,Employed,Recreation,Car,5.99,8.6,Sun,4,50000,One
647,84,22,62,F,Student,Personal,Rail,27.28,38.8,Sun,1,20000,None
648,70,31,58,F,Unemployed,Education,Car,15.42,21.2,Mon,1,50000,None
649,178,47,53,M,Employed,Recreation,Car,9.39,16.1,Sun,4,60000,Shared
650,5,40,39,M,Unemployed,Commuting,Walking,6.1,9.2,Thu,3,30000,Shared
651,179,26,67,M,Student,Commuting,Car,4.76,6.0,Thu,2,50000,Shared
652,86,15,58,M,Retired,Commuting,Walking,2.3,4.2,Wed,4,30000,One
653,20,13,7,M,Student,Recreation,Car,10.79,15.4,Thu,3,20000,Shared
654,138,5,39,M,Employed,Shopping,Taxi,2.78,13.3,Sun,3,100000,Shared
655,61,33,73,F,Employed,Commuting,Bus,12.55,20.4,Tue,4,100000,None
656,20,13,7,M,Student,Other,Rail,1.66,3.7,Sat,3,20000,Shared
657,132,14,56,M,Student,Personal,Rail,2.34,9.3,Sat,3,100000,None
658,35,48,20,M,Employed,Recreation,Car,0.58,0.9,Mon,3,100000,Two+
659,68,21,36,M,Employed,Commuting,Car,5.61,14.7,Tue,2,30000,Two+
660,48,33,28,F,Unemployed,Business,Walking,11.16,35.5,Sun,4,100000,None
661,107,1,73,M,Retired,Shopping,Car,7.97,12.6,Wed,3,100000,Shared
662,45,5,41,F,Unemployed,Commuting,Car,1.47,7.3,Wed,3,100000,Shared
663,58,38,55,F,Retired,Shopping,Cycling,8.12,10.9,Sun,1,30000,Shared
664,90,40,56,F,Employed,Personal,Walking,11.13,42.1,Sun,3,30000,Shared
665,21,8,31,M,Student,Business,Car,1.35,2.1,Tue,1,40000,Shared
666,53,33,72,M,Student,Personal,Car,5.53,19.4,Wed,4,100000,None
667,76,39,46,M,Student,Recreation,Car,3.59,5.5,Mon,1,50000,None
668,181,34,5,M,Retired,Personal,Walking,2.09,3.6,Tue,2,40000,None
669,96,48,5,F,Employed,Commuting,Car,8.98,18.3,Wed,3,100000,Two+
670,79,36,49,F,Employed,Education,Walking,7.14,27.2,Thu,1,20000,Two+
671,139,43,79,F,Unemployed,Personal,Rail,11.41,27.2,Sun,2,80000,Two+
672,80,8,20,F,Retired,Personal,Rail,8.06,9.8,Thu,1,40000,Shared
673,65,35,41,F,Employed,Commuting,Walking,3.51,5.0,Fri,2,80000,None
674,189,31,76,M,Student,Personal,Car,9.94,13.0,Sat,1,50000,None
675,184,37,57,M,Student,Education,Cycling,5.39,10.6,Tue,4,50000,None
676,134,35,16,M,Retired,Recreation,Walking,7.25,20.8,Thu,2,80000,None
677,175,10,60,F,Student,Business,Cycling,2.76,5.6,Sun,2,40000,Shared
678,155,28,66,M,Unemployed,Shopping,Car,1.99,9.3,Sun,2,100000,Shared
679,62,48,23,F,Unemployed,Shopping,Car,12.47,33.2,Wed,3,100000,Two+
680,19,27,66,M,Retired,Commuting,Car,0.96,3.3,Tue,2,50000,Shared
681,41,25,54,M,Unemployed,Personal,Walking,14.82,19.7,Sat,4,30000,None
682,40,39,5,M,Retired,Shopping,Car,7.5,27.6,Tue,1,50000,None
683,138,5,39,M,Employed,Commuting,Taxi,2.21,2.8,Sun,3,100000,Shared
684,179,26,67,M,Student,Education,Car,28.72,37.0,Mon,2,50000,Shared
685,82,2,36,M,Unemployed,Personal,Walking,0.17,0.4,Mon,4,80000,One
686,106,10,23,F,Retired,Personal,Walking,9.24,11.2,Fri,2,40000,Shared
687,180,27,53,M,Employed,Personal,Car,8.14,25.3,Tue,2,50000,Shared
688,68,21,36,M,Employed,Shopping,Walking,18.11,50.7,Thu,2,30000,Two+
689,149,44,58,M,Unemployed,Recreation,Car,8.79,15.0,Mon,4,30000,Two+
690,48,33,28,F,Unemployed,Shopping,Bus,23.55,29.4,Sat,4,100000,None
691,55,8,11,M,Employed,Business,Car,4.8,6.0,Fri,1,40000,Shared
692,72,32,51,F,Unemployed,Commuting,Car,4.74,5.8,Thu,1,60000,Two+
693,73,2,31,F,Student,Other,Rail,4.84,6.0,Tue,4,80000,One
694,161,36,23,F,Employed,Shopping,Rail,6.77,10.0,Tue,1,20000,Two+
695,26,39,6,M,Employed,Other,Car,7.04,34.5,Sun,1,50000,None
696,41,25,54,M,Unemployed,Commuting,Walking,14.59,18.0,Fri,4,30000,None
697,128,41,34,M,Employed,Shopping,Car,8.71,31.1,Wed,3,80000,Shared
698,114,44,33,M,Retired,Recreation,Walking,16.25,28.0,Fri,4,30000,Two+
699,41,25,54,M,Unemployed,Shopping,Car,4.99,6.8,Sat,4,30000,None
700,24,32,56,M,Student,Shopping,Rail,1.61,2.3,Fri,1,60000,Two+
701,115,31,50,F,Employed,Recreation,Walking,13.84,17.5,Tue,1,50000,None
702,100,29,73,M,Employed,Shopping,Car,12.1,28.0,Sun,4,50000,None
703,128,41,34,M,Employed,Shopping,Walking,6.82,27.3,Sun,3,80000,Shared
704,179,26,67,M,Student,Personal,Walking,5.45,7.8,Fri,2,50000,Shared
705,48,33,28,F,Unemployed,Shopping,Car,2.03,7.6,Wed,4,100000,None
706,62,48,23,F,Unemployed,Personal,Cycling,6.05,16.3,Sat,3,100000,Two+
707,140,12,13,F,Student,Recreation,Walking,2.76,4.7,Tue,3,60000,Two+
708,175,10,60,F,Student,Personal,Walking,5.97,24.6,Mon,2,40000,Shared
709,187,13,8,F,Employed,Personal,Car,16.63,20.5,Tue,3,20000,Shared
710,171,17,77,M,Employed,Other,Car,1.47,1.9,Sun,4,20000,None
711,189,31,76,M,Student,Education,Car,1.24,4.0,Sat,1,50000,None
712,69,3,22,M,Student,Shopping,Walking,19.47,24.7,Thu,1,40000,One
713,161,36,23,F,Employed,Shopping,Rail,2.06,5.5,Tue,1,20000,Two+
714,95,1,38,F,Student,Personal,Car,9.93,14.8,Wed,3,100000,Shared
715,122,36,14,M,Employed,Shopping,Walking,20.62,108.4,Fri,1,20000,Two+
716,142,7,50,M,Retired,Commuting,Rail,11.11,22.3,Wed,1,20000,Two+
717,152,28,62,F,Retired,Shopping,Walking,4.48,7.7,Sat,2,100000,Shared
718,142,7,50,M,Retired,Shopping,Walking,16.48,22.5,Sun,1,20000,Two+
719,122,36,14,M,Employed,Recreation,Car,16.17,21.6,Tue,1,20000,Two+
720,102,12,20,F,Student,Recreation,Walking,7.47,12.2,Wed,3,60000,Two+
721,96,48,5,F,Employed,Shopping,Walking,11.48,25.1,Sat,3,100000,Two+
722,129,20,17,M,Unemployed,Business,Car,19.67,27.2,Wed,3,30000,One
723,71,40,50,F,Student,Commuting,Rail,10.11,24.9,Wed,3,30000,Shared
724,180,27,53,M,Employed,Commuting,Bus,7.19,8.8,Mon,2,50000,Shared
725,137,39,18,M,Student,Recreation,Car,7.76,10.1,Fri,1,50000,None
726,104,30,27,F,Student,Shopping,Car,2.76,4.8,Wed,4,100000,None
727,85,49,56,F,Student,Shopping,Car,7.69,44.5,Sat,2,30000,Two+
728,97,39,68,M,Employed,Other,Car,5.5,14.8,Mon,1,50000,None
729,106,10,23,F,Retired,Education,Car,4.15,20.4,Mon,2,40000,Shared
730,151,3,49,M,Student,Recreation,Walking,6.11,19.4,Sat,1,40000,One
731,23,24,63,F,Retired,Education,Car,11.96,50.7,Sun,4,60000,One
732,54,21,52,F,Retired,Recreation,Car,3.99,9.4,Mon,2,30000,Two+
733,142,7,50,M,Retired,Business,Car,13.51,28.5,Wed,1,20000,Two+
734,65,35,41,F,Employed,Education,Cycling,5.39,14.9,Tue,2,80000,None
735,108,16,28,F,Unemployed,Recreation,Walking,27.43,107.5,Sun,1,50000,Shared
736,19,27,66,M,Retired,Personal,Car,9.92,21.3,Sat,2,50000,Shared
737,170,41,68,M,Student,Personal,Car,11.62,34.0,Wed,3,80000,Shared
738,1,5,45,F,Unemployed,Commuting,Car,17.72,69.6,Tue,3,100000,Shared
739,58,38,55,F,Retired,Shopping,Car,5.71,17.5,Mon,1,30000,Shared
740,140,12,13,F,Student,Personal,Bus,17.07,83.9,Mon,3,60000,Two+
741,66,49,50,M,Unemployed,Recreation,Walking,2.91,16.3,Wed,2,30000,Two+
742,142,7,50,M,Retired,Shopping,Car,4.28,6.6,Sun,1,20000,Two+
743,36,6,7,F,Retired,Commuting,Rail,12.25,14.7,Wed,4,50000,One
744,35,48,20,M,Employed,Commuting,Walking,5.77,19.4,Mon,3,100000,Two+
745,44,1,52,F,Retired,Commuting,Car,9.44,23.9,Wed,3,100000,Shared
746,39,41,37,F,Retired,Recreation,Car,25.75,54.1,Sat,3,80000,Shared
747,64,30,50,M,Student,Shopping,Car,15.55,23.9,Wed,4,100000,None
748,7,1,9,F,Unemployed,Other,Walking,19.11,75.6,Tue,3,100000,Shared
749,188,49,36,F,Retired,Other,Car,10.54,22.7,Tue,2,30000,Two+
750,150,10,23,M,Student,Shopping,Walking,2.68,4.0,Fri,2,40000,Shared
751,21,8,31,M,Student,Education,Walking,3.49,16.4,Fri,1,40000,Shared
752,150,10,23,M,Student,Other,Car,12.6,21.7,Tue,2,40000,Shared
753,89,6,51,M,Unemployed,Other,Car,7.86,11.9,Sat,4,50000,One
754,91,50,34,M,Employed,Commuting,Walking,13.77,25.9,Sun,2,30000,None
755,2,9,76,F,Student,Education,Car,6.01,7.7,Thu,3,60000,Two+
756,193,17,51,M,Unemployed,Personal,Car,24.78,102.3,Sat,4,20000,None
757,102,12,20,F,Student,Commuting,Bus,9.57,11.8,Thu,3,60000,Two+
758,4,24,41,M,Retired,Personal,Rail,4.93,13.5,Fri,4,60000,One
759,86,15,58,M,Retired,Recreation,Walking,14.35,33.4,Tue,4,30000,One
760,166,16,76,F,Retired,Commuting,Car,34.2,69.3,Sat,1,50000,Shared
761,192,44,9,F,Student,Commuting,Car,0.84,3.8,Tue,4,30000,Two+
762,10,32,56,M,Retired,Education,Car,26.53,157.4,Mon,1,60000,Two+
763,107,1,73,M,Retired,Shopping,Bus,12.85,30.4,Mon,3,100000,Shared
764,190,34,58,F,Unemployed,Personal,Car,6.26,18.5,Thu,2,40000,None
765,185,10,21,M,Student,Shopping,Walking,8.82,11.7,Sun,2,40000,Shared
766,89,6,51,M,Unemployed,Personal,Car,8.33,12.5,Fri,4,50000,One
767,153,8,65,M,Employed,Shopping,Car,10.79,36.9,Fri,1,40000,Shared
768,119,7,72,F,Employed,Shopping,Car,2.44,8.5,Tue,1,20000,Two+
769,179,26,67,M,Student,Commuting,Cycling,10.76,44.9,Tue,2,50000,Shared
770,64,30,50,M,Student,Business,Walking,28.1,65.3,Thu,4,100000,None
771,168,28,40,F,Retired,Shopping,Car,1.01,3.7,Tue,2,100000,Shared
772,58,38,55,F,Retired,Education,Bus,8.23,21.6,Wed,1,30000,Shared
773,197,18,34,M,Unemployed,Other,Rail,11.46,53.5,Mon,4,50000,Shared
774,17,44,34,F,Unemployed,Recreation,Rail,4.08,12.1,Thu,4,30000,Two+
775,168,28,40,F,Retired,Other,Walking,5.43,16.0,Fri,2,100000,Shared
776,131,19,13,M,Retired,Personal,Walking,5.43,18.0,Tue,4,80000,None
777,96,48,5,F,Employed,Other,Car,11.5,33.8,Mon,3,100000,Two+
778,170,41,68,M,Student,Shopping,Bus,4.97,9.5,Wed,3,80000,Shared
779,64,30,50,M,Student,Education,Car,10.67,19.0,Tue,4,100000,None
780,108,16,28,F,Unemployed,Shopping,Car,28.77,150.1,Mon,1,50000,Shared
781,148,6,35,M,Employed,Shopping,Car,19.6,45.6,Tue,4,50000,One
782,129,20,17,M,Unemployed,Commuting,Car,5.06,6.3,Thu,3,30000,One
783,148,6,35,M,Employed,Commuting,Car,5.5,7.1,Thu,4,50000,One
784,6,37,51,F,Unemployed,Shopping,Rail,3.69,5.7,Fri,4,50000,None
785,129,20,17,M,Unemployed,Commuting,Bus,12.7,15.7,Mon,3,30000,One
786,58,38,55,F,Retired,Personal,Walking,16.37,40.4,Tue,1,30000,Shared
787,149,44,58,M,Unemployed,Personal,Car,7.76,10.5,Sun,4,30000,Two+
788,95,1,38,F,Student,Education,Car,12.75,25.2,Tue,3,100000,Shared
789,11,4,27,M,Employed,Personal,Car,2.41,9.5,Thu,3,50000,One
790,47,3,24,F,Student,Personal,Bus,2.85,4.0,Wed,1,40000,One
791,19,27,66,M,Retired,Other,Rail,9.06,20.3,Tue,2,50000,Shared
792,83,22,55,M,Student,Shopping,Walking,4.89,9.9,Sat,1,20000,None
793,92,19,62,M,Student,Personal,Walking,16.9,32.0,Fri,4,80000,None
794,64,30,50,M,Student,Business,Car,1.66,3.2,Tue,4,100000,None
795,188,49,36,F,Retired,Personal,Car,5.64,7.7,Tue,2,30000,Two+
796,75,9,47,F,Retired,Recreation,Walking,6.24,9.3,Sat,3,60000,Two+
797,17,44,34,F,Unemployed,Personal,Car,5.09,13.1,Tue,4,30000,Two+
798,129,20,17,M,Unemployed,Business,Car,4.61,8.1,Fri,3,30000,One
799,108,16,28,F,Unemployed,Personal,Car,3.76,9.6,Thu,1,50000,Shared
800,27,37,60,M,Unemployed,Business,Walking,8.0,18.4,Sun,4,50000,None
801,121,36,25,M,Employed,Commuting,Car,33.45,90.1,Thu,1,20000,Two+
802,147,25,49,F,Retired,Shopping,Car,1.66,5.4,Sat,4,30000,None
803,155,28,66,M,Unemployed,Business,Car,16.57,28.1,Tue,2,100000,Shared
804,156,49,29,F,Employed,Personal,Car,15.41,36.3,Wed,2,30000,Two+
805,64,30,50,M,Student,Recreation,Car,5.34,7.7,Fri,4,100000,None
806,4,24,41,M,Retired,Commuting,Car,16.26,20.1,Tue,4,60000,One
807,9,15,46,F,Employed,Other,Car,10.26,57.9,Thu,4,30000,One
808,142,7,50,M,Retired,Commuting,Car,16.69,44.4,Sat,1,20000,Two+
809,197,18,34,M,Unemployed,Commuting,Car,4.41,6.1,Sun,4,50000,Shared
810,98,22,71,F,Student,Other,Bus,4.24,10.3,Mon,1,20000,None
811,70,31,58,F,Unemployed,Personal,Car,6.91,20.3,Mon,1,50000,None
812,143,42,13,F,Unemployed,Personal,Car,2.36,2.9,Thu,3,80000,Shared
813,157,38,10,F,Retired,Other,Walking,12.1,14.6,Tue,1,30000,Shared
814,143,42,13,F,Unemployed,Recreation,Walking,17.3,42.3,Thu,3,80000,Shared
815,9,15,46,F,Employed,Personal,Car,4.88,10.1,Sat,4,30000,One
816,168,28,40,F,Retired,Personal,Car,7.56,21.0,Fri,2,100000,Shared
817,134,35,16,M,Retired,Personal,Cycling,3.49,19.6,Fri,2,80000,None
818,183,38,7,M,Unemployed,Personal,Car,6.13,32.2,Mon,1,30000,Shared
819,52,16,65,M,Retired,Recreation,Rail,7.25,12.3,Sun,1,50000,Shared
820,75,9,47,F,Retired,Commuting,Car,16.31,19.6,Wed,3,60000,Two+
821,184,37,57,M,Student,Education,Bus,17.38,84.3,Thu,4,50000,None
822,152,28,62,F,Retired,Personal,Walking,20.93,31.5,Sun,2,100000,Shared
823,125,39,28,M,Student,Commuting,Walking,3.16,16.8,Mon,1,50000,None
824,41,25,54,M,Unemployed,Shopping,Cycling,6.44,9.1,Wed,4,30000,None
825,44,1,52,F,Retired,Shopping,Car,5.8,22.6,Tue,3,100000,Shared
826,39,41,37,F,Retired,Shopping,Walking,3.14,5.2,Sun,3,80000,Shared
827,176,45,9,M,Retired,Recreation,Other,5.36,26.1,Thu,4,50000,Two+
828,76,39,46,M,Student,Commuting,Car,9.55,19.3,Mon,1,50000,None
829,177,33,69,F,Retired,Commuting,Car,15.03,19.3,Tue,4,100000,None
830,16,6,32,F,Retired,Shopping,Car,5.96,10.0,Mon,4,50000,One
831,179,26,67,M,Student,Personal,Bus,2.42,7.7,Fri,2,50000,Shared
832,11,4,27,M,Employed,Shopping,Walking,1.85,8.5,Fri,3,50000,One
833,120,50,79,M,Retired,Commuting,Car,6.52,26.8,Sat,2,30000,None
834,123,24,68,M,Employed,Education,Car,11.93,15.1,Wed,4,60000,One
835,31,32,74,F,Unemployed,Shopping,Car,14.13,77.4,Thu,1,60000,Two+
836,38,19,24,F,Unemployed,Commuting,Car,8.4,11.0,Thu,4,80000,None
837,56,33,52,F,Unemployed,Shopping,Car,9.71,15.2,Mon,4,100000,None
838,156,49,29,F,Employed,Commuting,Other,1.96,2.9,Wed,2,30000,Two+
839,29,23,5,M,Student,Recreation,Car,13.56,66.0,Mon,2,30000,Shared
840,13,13,36,M,Unemployed,Recreation,Car,10.33,16.1,Fri,3,20000,Shared
841,25,49,62,F,Retired,Recreation,Car,1.84,4.6,Thu,2,30000,Two+
842,73,2,31,F,Student,Recreation,Bus,19.62,57.0,Wed,4,80000,One
843,96,48,5,F,Employed,Other,Car,15.43,44.2,Tue,3,100000,Two+
844,31,32,74,F,Unemployed,Recreation,Walking,20.51,34.4,Tue,1,60000,Two+
845,114,44,33,M,Retired,Shopping,Car,1.97,3.6,Thu,4,30000,Two+
846,79,36,49,F,Employed,Personal,Walking,14.45,71.9,Fri,1,20000,Two+
847,39,41,37,F,Retired,Recreation,Walking,8.35,20.1,Mon,3,80000,Shared
848,117,26,12,M,Student,Shopping,Car,1.98,2.9,Fri,2,50000,Shared
849,179,26,67,M,Student,Business,Car,13.74,50.8,Wed,2,50000,Shared
850,153,8,65,M,Employed,Personal,Bus,6.56,10.2,Sun,1,40000,Shared
851,27,37,60,M,Unemployed,Commuting,Car,13.15,37.4,Sun,4,50000,None
852,18,28,66,M,Employed,Shopping,Walking,2.55,6.7,Sat,2,100000,Shared
853,178,47,53,M,Employed,Other,Rail,2.84,5.6,Sun,4,60000,Shared
854,106,10,23,F,Retired,Commuting,Walking,6.49,9.2,Sat,2,40000,Shared
855,142,7,50,M,Retired,Shopping,Car,10.38,18.0,Wed,1,20000,Two+
856,83,22,55,M,Student,Commuting,Taxi,1.59,3.5,Fri,1,20000,None
857,186,9,5,M,Employed,Commuting,Walking,18.45,31.3,Sat,3,60000,Two+
858,48,33,28,F,Unemployed,Recreation,Rail,24.03,66.2,Fri,4,100000,None
859,142,7,50,M,Retired,Recreation,Car,12.2,30.6,Thu,1,20000,Two+
860,77,35,54,M,Retired,Shopping,Car,7.64,10.0,Thu,2,80000,None
861,188,49,36,F,Retired,Commuting,Car,15.89,26.7,Mon,2,30000,Two+
862,77,35,54,M,Retired,Other,Car,8.49,18.4,Tue,2,80000,None
863,148,6,35,M,Employed,Shopping,Car,7.12,21.0,Tue,4,50000,One
864,169,50,32,F,Employed,Commuting,Car,6.41,11.5,Sat,2,30000,None
865,50,40,29,M,Student,Commuting,Car,16.48,29.0,Mon,3,30000,Shared
866,197,18,34,M,Unemployed,Recreation,Walking,0.53,0.7,Thu,4,50000,Shared
867,179,26,67,M,Student,Shopping,Car,7.65,11.7,Wed,2,50000,Shared
868,174,5,51,M,Student,Other,Car,11.14,39.1,Sun,3,100000,Shared
869,30,2,57,F,Student,Business,Car,5.0,10.4,Thu,4,80000,One
870,163,14,19,M,Employed,Other,Car,4.7,5.9,Tue,3,100000,None
871,36,6,7,F,Retired,Other,Walking,4.1,11.9,Sat,4,50000,One
872,14,22,32,F,Student,Recreation,Car,11.07,21.2,Sat,1,20000,None
873,27,37,60,M,Unemployed,Education,Car,15.22,21.5,Wed,4,50000,None
874,49,49,76,F,Student,Education,Taxi,23.06,32.1,Sat,2,30000,Two+
875,186,9,5,M,Employed,Education,Car,1.92,7.2,Sat,3,60000,Two+
876,43,16,64,M,Student,Recreation,Rail,0.18,0.4,Tue,1,50000,Shared
877,97,39,68,M,Employed,Business,Car,19.54,94.5,Fri,1,50000,None
878,186,9,5,M,Employed,Recreation,Car,27.57,123.7,Fri,3,60000,Two+
879,76,39,46,M,Student,Commuting,Walking,24.48,30.7,Wed,1,50000,None
880,168,28,40,F,Retired,Recreation,Car,3.07,4.0,Sun,2,100000,Shared
881,193,17,51,M,Unemployed,Recreation,Car,7.21,35.1,Wed,4,20000,None
882,126,32,41,F,Employed,Other,Walking,9.76,40.6,Tue,1,60000,Two+
883,183,38,7,M,Unemployed,Personal,Car,18.27,40.0,Fri,1,30000,Shared
884,92,19,62,M,Student,Commuting,Car,14.73,24.1,Wed,4,80000,None
885,116,50,39,M,Employed,Other,Walking,7.06,9.4,Sun,2,30000,None
886,136,39,57,F,Student,Commuting,Walking,3.65,14.3,Thu,1,50000,None
887,79,36,49,F,Employed,Commuting,Walking,7.91,41.6,Sun,1,20000,Two+
888,65,35,41,F,Employed,Commuting,Other,6.0,12.1,Fri,2,80000,None
889,132,14,56,M,Student,Personal,Walking,10.74,21.3,Sun,3,100000,None
890,9,15,46,F,Employed,Commuting,Walking,8.13,9.9,Mon,4,30000,One
891,16,6,32,F,Retired,Other,Cycling,10.79,19.5,Fri,4,50000,One
892,47,3,24,F,Student,Recreation,Cycling,3.64,6.1,Sun,1,40000,One
893,94,9,16,M,Employed,Recreation,Car,14.08,18.5,Sun,3,60000,Two+
894,118,10,38,M,Employed,Commuting,Rail,5.33,12.4,Wed,2,40000,Shared
895,87,37,12,M,Retired,Education,Car,20.42,71.5,Sun,4,50000,None
896,13,13,36,M,Unemployed,Recreation,Bus,7.46,38.4,Mon,3,20000,Shared
897,119,7,72,F,Employed,Personal,Walking,26.33,33.3,Tue,1,20000,Two+
898,56,33,52,F,Unemployed,Shopping,Walking,1.8,4.5,Mon,4,100000,None
899,63,49,21,F,Retired,Shopping,Walking,4.45,6.9,Thu,2,30000,Two+
900,30,2,57,F,Student,Personal,Car,23.86,68.1,Thu,4,80000,One
901,128,41,34,M,Employed,Personal,Car,5.08,6.3,Tue,3,80000,Shared
902,173,35,10,F,Unemployed,Personal,Car,7.7,24.3,Mon,2,80000,None
903,81,23,19,F,Student,Commuting,Car,31.56,44.2,Fri,2,30000,Shared
904,51,46,70,F,Unemployed,Business,Bus,20.12,55.9,Sat,4,80000,None
905,98,22,71,F,Student,Shopping,Bus,23.75,29.0,Fri,1,20000,None
906,110,24,16,F,Unemployed,Shopping,Car,6.68,18.9,Sun,4,60000,One
907,112,43,16,M,Employed,Other,Other,7.01,10.4,Wed,2,80000,Two+
908,158,45,36,M,Employed,Shopping,Car,3.17,4.5,Sat,4,50000,Two+
909,76,39,46,M,Student,Education,Car,11.89,14.4,Fri,1,50000,None
910,120,50,79,M,Retired,Shopping,Rail,7.76,24.5,Wed,2,30000,None
911,111,33,37,M,Unemployed,Commuting,Car,5.09,7.0,Wed,4,100000,None
912,88,44,9,M,Retired,Shopping,Car,14.83,53.2,Fri,4,30000,Two+
913,12,15,47,M,Retired,Recreation,Car,21.1,120.0,Sun,4,30000,One
914,11,4,27,M,Employed,Personal,Car,9.68,13.4,Thu,3,50000,One
915,22,37,55,F,Retired,Shopping,Walking,4.15,11.0,Sun,4,50000,None
916,62,48,23,F,Unemployed,Education,Car,2.48,4.1,Tue,3,100000,Two+
917,122,36,14,M,Employed,Recreation,Walking,2.79,14.0,Mon,1,20000,Two+
918,56,33,52,F,Unemployed,Education,Car,10.95,14.6,Fri,4,100000,None
919,79,36,49,F,Employed,Other,Walking,32.06,44.3,Mon,1,20000,Two+
920,4,24,41,M,Retired,Commuting,Car,2.33,3.0,Sun,4,60000,One
921,171,17,77,M,Employed,Shopping,Bus,5.02,8.5,Fri,4,20000,None
922,72,32,51,F,Unemployed,Other,Taxi,16.27,42.6,Mon,1,60000,Two+
923,153,8,65,M,Employed,Commuting,Car,9.02,16.8,Fri,1,40000,Shared
924,124,35,40,F,Employed,Personal,Bus,2.86,9.4,Wed,2,80000,None
925,152,28,62,F,Retired,Shopping,Cycling,5.29,9.4,Fri,2,100000,Shared
926,55,8,11,M,Employed,Shopping,Car,11.36,21.1,Thu,1,40000,Shared
927,8,14,31,M,Unemployed,Commuting,Car,2.89,6.8,Tue,3,100000,None
928,90,40,56,F,Employed,Personal,Car,1.83,2.3,Tue,3,30000,Shared
929,147,25,49,F,Retired,Shopping,Rail,5.26,7.6,Fri,4,30000,None
930,138,5,39,M,Employed,Business,Car,12.25,31.8,Wed,3,100000,Shared
931,174,5,51,M,Student,Commuting,Walking,14.62,27.8,Sun,3,100000,Shared
932,163,14,19,M,Employed,Other,Bus,13.75,25.0,Sat,3,100000,None
933,167,24,32,M,Retired,Commuting,Walking,2.12,5.3,Thu,4,60000,One
934,166,16,76,F,Retired,Commuting,Car,6.63,8.1,Wed,1,50000,Shared
935,92,19,62,M,Student,Business,Walking,13.84,32.4,Fri,4,80000,None
936,11,4,27,M,Employed,Business,Walking,3.62,5.0,Mon,3,50000,One
937,123,24,68,M,Employed,Shopping,Walking,12.03,15.5,Sun,4,60000,One
938,135,21,57,M,Retired,Commuting,Bus,19.01,28.0,Tue,2,30000,Two+
939,133,47,20,M,Employed,Education,Bus,2.92,6.2,Fri,4,60000,Shared
940,166,16,76,F,Retired,Shopping,Car,19.99,26.1,Sat,1,50000,Shared
941,71,40,50,F,Student,Recreation,Rail,11.07,39.5,Wed,3,30000,Shared
942,112,43,16,M,Employed,Education,Rail,8.75,11.7,Sun,2,80000,Two+
943,66,49,50,M,Unemployed,Business,Cycling,8.14,22.9,Tue,2,30000,Two+
944,156,49,29,F,Employed,Recreation,Rail,20.18,74.6,Sun,2,30000,Two+
945,118,10,38,M,Employed,Shopping,Walking,20.68,58.9,Thu,2,40000,Shared
946,192,44,9,F,Student,Other,Car,3.47,5.5,Mon,4,30000,Two+
947,176,45,9,M,Retired,Shopping,Car,19.11,44.1,Fri,4,50000,Two+
948,97,39,68,M,Employed,Shopping,Car,9.79,17.4,Tue,1,50000,None
949,28,49,6,F,Retired,Recreation,Walking,13.95,17.3,Wed,2,30000,Two+
950,188,49,36,F,Retired,Shopping,Walking,7.83,12.8,Sat,2,30000,Two+
951,16,6,32,F,Retired,Recreation,Walking,20.64,35.2,Wed,4,50000,One
952,175,10,60,F,Student,Other,Car,5.26,8.9,Wed,2,40000,Shared
953,49,49,76,F,Student,Recreation,Bus,9.24,52.7,Fri,2,30000,Two+
954,2,9,76,F,Student,Personal,Car,20.6,28.5,Wed,3,60000,Two+
955,23,24,63,F,Retired,Recreation,Walking,9.78,17.5,Fri,4,60000,One
956,76,39,46,M,Student,Personal,Car,13.71,33.3,Wed,1,50000,None
957,41,25,54,M,Unemployed,Recreation,Rail,10.25,25.4,Fri,4,30000,None
958,50,40,29,M,Student,Commuting,Car,8.58,16.1,Sat,3,30000,Shared
959,113,33,44,F,Unemployed,Shopping,Walking,4.7,6.3,Mon,4,100000,None
960,41,25,54,M,Unemployed,Personal,Walking,6.86,22.3,Fri,4,30000,None
961,142,7,50,M,Retired,Education,Rail,19.43,28.5,Tue,1,20000,Two+
962,22,37,55,F,Retired,Shopping,Cycling,12.75,26.9,Mon,4,50000,None
963,75,9,47,F,Retired,Personal,Walking,3.13,9.7,Sun,3,60000,Two+
964,196,34,42,F,Student,Other,Car,0.78,1.9,Sat,2,40000,None
965,93,37,66,M,Unemployed,Commuting,Bus,33.37,63.6,Fri,4,50000,None
966,169,50,32,F,Employed,Shopping,Car,0.46,1.8,Fri,2,30000,None
967,11,4,27,M,Employed,Shopping,Car,17.42,25.2,Sun,3,50000,One
968,197,18,34,M,Unemployed,Personal,Walking,9.24,12.4,Thu,4,50000,Shared
969,120,50,79,M,Retired,Shopping,Car,0.74,1.5,Sat,2,30000,None
970,185,10,21,M,Student,Shopping,Walking,14.77,72.8,Fri,2,40000,Shared
971,120,50,79,M,Retired,Commuting,Bus,14.11,35.9,Sat,2,30000,None
972,33,17,42,F,Employed,Other,Walking,3.07,13.0,Wed,4,20000,None
973,145,38,12,F,Employed,Commuting,Rail,25.09,148.7,Sun,1,30000,Shared
974,48,33,28,F,Unemployed,Commuting,Bus,5.0,19.4,Sat,4,100000,None
975,157,38,10,F,Retired,Commuting,Walking,10.24,22.0,Tue,1,30000,Shared
976,1,5,45,F,Unemployed,Commuting,Car,1.35,2.2,Mon,3,100000,Shared
977,127,13,27,M,Unemployed,Commuting,Car,3.58,6.7,Wed,3,20000,Shared
978,174,5,51,M,Student,Shopping,Car,0.79,1.1,Mon,3,100000,Shared
979,10,32,56,M,Retired,Shopping,Car,1.31,2.2,Fri,1,60000,Two+
980,13,13,36,M,Unemployed,Recreation,Bus,12.67,51.7,Thu,3,20000,Shared
981,18,28,66,M,Employed,Business,Car,6.74,30.0,Thu,2,100000,Shared
982,84,22,62,F,Student,Recreation,Car,7.33,20.7,Sat,1,20000,None
983,166,16,76,F,Retired,Shopping,Car,2.54,4.7,Mon,1,50000,Shared
984,168,28,40,F,Retired,Recreation,Car,12.91,45.1,Mon,2,100000,Shared
985,120,50,79,M,Retired,Commuting,Bus,8.86,14.7,Wed,2,30000,None
986,134,35,16,M,Retired,Recreation,Walking,18.47,73.0,Thu,2,80000,None
987,59,27,31,F,Employed,Commuting,Car,4.96,8.8,Thu,2,50000,Shared
988,24,32,56,M,Student,Commuting,Walking,0.88,1.1,Sat,1,60000,Two+
989,56,33,52,F,Unemployed,Shopping,Car,4.25,10.1,Sun,4,100000,None
990,87,37,12,M,Retired,Shopping,Car,24.74,144.4,Tue,4,50000,None
991,46,9,23,F,Retired,Personal,Bus,6.48,16.4,Sat,3,60000,Two+
992,96,48,5,F,Employed,Business,Car,5.31,7.9,Thu,3,100000,Two+
993,16,6,32,F,Retired,Personal,Walking,7.4,8.9,Tue,4,50000,One
994,133,47,20,M,Employed,Recreation,Walking,2.28,3.0,Mon,4,60000,Shared
995,185,10,21,M,Student,Shopping,Car,8.17,21.9,Fri,2,40000,Shared
996,68,21,36,M,Employed,Commuting,Car,7.38,39.6,Tue,2,30000,Two+
997,100,29,73,M,Employed,Commuting,Car,15.66,22.6,Sat,4,50000,None
998,54,21,52,F,Retired,Other,Car,4.09,6.9,Tue,2,30000,Two+
999,92,19,62,M,Student,Commuting,Car,10.21,41.3,Mon,4,80000,None
1000,49,49,76,F,Student,Recreation,Bus,17.84,37.2,Mon,2,30000,Two+
